;Istanbul;Omurlu;Uskudar;Diyarbakir district;Lice district;Malatya;Ceylanpinar;Yuksekova;Konak District;Ordu;Uzumlu;Dortyol;Kizilsu;Van;Kabala;Sur district;Baykoy;Kucukmece;Pendik;Midyat;Toroslar;Bursa;Kadikoy district;Kirikkale;Kocakoy;Gebze district;Mersin;Yesilkoy;Dogansar District;Ercis district;Pulumur;Isparta;Kasimli;Pinarbasi;Sultangazi district;Cesme;Hani district;Alacakaya;Nusaybin;Batman;Belenoluk;Aydin;Torul;Cankiri;Dikbiyik;Hakkari;Duzici district;Sirnak;Caglayan;Akcay;Sanliurfa;Mardinkapi;Kusadasi district;Yuksekova District;Yenimahalle District;Beytussebap district;Gaziantep;Erzin;Semdinli district;Hatay;Yenisehir;Pozanti;Bulanik;Besikduzu;Bitlis;Mus;Diyadin District;Cat district;Lice;Of;Iskenderun;Payas;Dogubeyazit district;Silopi;Beytussebap;Bademli;Solhan;Bukardi;Cizre District;Bingol;Kiziltepe District;Pervari;Mezra;Izmir;Cigdemli;Tatvan;Samsun;Omerli;Yenikoy;Tokat;Dazya;Hozat district;Silvan;Marmaris;Hizan district;Nazimiye district;Aritis;Bakacak;Egirmec;Antakya;Diyarbakir;Elazig;Izmit;Malazgirt;Magara;Seyhan District;Kozluk;Derik district;Buca district;Kulp district;Ziyaret;Resadiye District;Taskoy;Nusaybin district;Sason;Guclukonak District;Ercis;Karliova;Genc district;Kigi;Semdinli;Adana;Karakocan district;Hani;Ozalp;Saray;Yuksekova district;Genc;Cukurca district;Diyadin;Mesepinar;Gecitalan;Konya;Akdana;Celtiksuyu;Suruc;Islahiye district;Cizre;Erzincan;Cinar;Gecitli;Antalya;Ogulveren;Ankara;Caldiran district;Beldeler;Arabaslik;Eskisehir;Geyiksuyu;Cukurca;Dicle;Cayirli;Saricam District;Reyhanli;Siran;Servi;Kemer;Cizre district;Refahiye;Catak;Tunceli;Daglica
Istanbul;0;1;1;1;1;2;1;2;1;1;1;1;1;5;1;1;1;1;1;1;1;1;1;1;2;1;4;1;1;1;2;1;1;1;1;1;1;1;2;3;1;1;1;1;1;4;1;2;1;1;2;1;1;1;1;1;2;1;2;1;1;1;1;1;1;2;1;1;1;1;1;1;4;1;1;1;1;1;1;2;1;1;1;3;1;2;1;1;1;1;1;1;1;2;1;1;1;1;1;1;7;1;1;1;1;1;1;1;1;1;1;1;1;1;1;1;1;1;1;1;6;3;1;2;1;1;4;2;1;1;1;1;1;1;1;1;1;2;1;1;1;3;1;10;1;1;1;1;1;2;2;2;1;2;1;1;1;2;1;2;2;2
Omurlu;1;0;0;0;1;0;0;1;0;0;0;0;0;1;0;0;0;0;0;0;0;0;0;0;1;0;0;0;0;0;1;0;0;0;0;0;1;0;1;0;0;0;1;0;0;1;0;0;0;1;0;0;0;1;0;0;0;0;1;0;0;0;1;0;1;0;0;0;1;0;1;0;1;0;0;0;0;1;1;0;0;1;1;0;0;0;0;1;0;1;1;1;0;0;0;1;0;0;0;0;1;0;0;1;0;1;0;0;0;0;1;0;0;0;0;1;0;0;1;1;1;0;1;1;0;1;1;1;1;1;0;0;0;0;0;0;0;0;0;0;0;0;0;1;1;0;0;0;1;1;1;1;0;0;1;0;0;0;0;1;1;0
Uskudar;1;0;0;0;0;0;0;0;1;0;0;0;0;1;0;0;0;0;0;0;1;1;0;0;0;0;1;0;1;0;1;0;0;0;0;0;0;1;0;1;0;0;0;1;0;1;0;0;0;0;1;0;0;0;1;0;1;1;0;1;0;0;0;0;0;1;0;1;0;1;0;0;0;0;1;0;0;0;0;1;1;0;0;1;0;0;0;0;0;0;0;0;0;1;1;0;0;0;0;0;1;0;0;0;0;0;0;1;1;0;0;0;0;1;0;0;0;0;0;0;1;0;0;1;0;0;0;0;0;0;0;0;1;0;0;0;0;0;0;0;0;0;0;1;0;1;0;0;0;0;0;0;1;1;0;1;0;0;0;0;0;0
Diyarbakir district;1;0;0;0;0;0;0;0;0;0;0;0;0;0;0;0;0;0;0;0;0;0;0;0;0;0;0;0;0;0;0;0;0;0;0;0;0;0;0;0;0;0;0;0;0;0;0;0;0;0;0;0;0;0;0;0;0;0;0;0;0;0;0;0;0;0;0;0;0;0;0;0;0;0;0;0;0;0;0;0;0;0;0;0;0;0;0;0;0;0;0;0;0;0;0;0;0;0;0;0;0;0;0;0;0;0;0;0;0;0;0;0;0;0;0;0;0;0;0;0;0;0;0;0;0;0;0;0;0;0;0;0;0;0;0;0;0;0;0;0;0;0;0;1;0;0;0;0;0;0;0;0;0;0;0;0;0;0;0;0;0;0
Lice district;1;1;0;0;0;0;0;1;0;0;0;0;0;1;0;0;0;0;0;0;0;0;0;0;1;0;0;0;0;0;1;0;0;0;0;0;1;0;1;0;0;0;1;0;0;1;0;0;0;1;0;0;0;1;0;0;0;0;1;0;0;0;1;0;1;0;0;0;1;0;1;0;1;0;0;0;0;1;1;0;0;1;1;0;0;0;0;1;0;1;1;1;0;0;0;1;0;0;0;0;1;0;0;1;0;1;0;0;0;0;1;0;0;0;0;1;0;0;1;1;1;0;1;1;0;1;1;1;1;1;0;0;0;0;0;0;0;0;0;0;0;0;0;1;1;0;0;0;1;1;1;1;0;0;1;0;0;0;0;1;1;0
Malatya;2;0;0;0;0;0;0;1;0;0;0;1;0;1;0;1;1;1;1;0;0;0;0;0;0;1;2;0;0;0;0;0;1;0;0;0;0;0;0;1;1;1;0;0;1;1;0;2;1;0;0;0;0;0;0;0;0;0;1;0;1;0;0;1;0;0;0;0;0;0;0;1;1;0;0;1;1;0;0;0;0;0;0;2;1;1;0;0;1;0;0;0;1;0;0;0;0;0;0;1;2;1;0;0;0;0;1;0;0;0;0;1;0;0;0;0;0;1;0;0;2;2;0;0;1;0;1;0;0;0;1;0;0;1;1;1;0;0;0;0;0;2;1;2;0;0;1;1;0;1;1;0;0;1;0;0;1;0;1;0;0;1
Ceylanpinar;1;0;0;0;0;0;0;0;0;0;0;0;1;1;1;0;0;0;0;0;0;0;1;0;1;0;1;0;0;1;0;1;0;1;1;0;0;0;1;1;0;0;0;0;0;1;0;0;0;0;0;1;0;0;0;1;0;0;0;0;0;1;0;0;0;0;1;0;0;0;0;0;0;0;0;0;0;0;0;0;0;0;0;0;0;1;0;0;0;0;0;0;0;0;0;0;0;0;0;0;1;0;0;0;0;0;0;0;0;1;0;0;0;0;0;0;0;0;0;0;1;1;0;0;0;0;1;0;0;0;0;0;0;0;0;0;0;1;0;1;0;0;0;1;0;0;0;0;0;0;0;0;0;0;0;0;0;0;0;1;1;1
Yuksekova;2;1;0;0;1;1;0;0;0;0;0;1;0;1;0;0;0;1;0;0;0;0;0;0;1;1;1;0;0;0;1;0;1;0;0;0;1;0;1;0;1;0;1;0;1;1;0;1;1;1;0;0;0;1;0;0;0;0;1;0;0;0;1;1;1;0;0;0;1;0;1;1;2;0;0;0;1;1;1;0;0;1;1;1;0;1;0;1;0;1;1;1;1;0;0;1;0;0;0;1;2;1;0;1;0;1;1;0;0;0;1;1;0;0;0;1;0;1;1;1;2;1;1;1;0;1;1;1;1;1;0;0;0;0;1;0;0;0;0;0;0;1;0;2;1;0;1;1;1;2;1;1;0;0;1;0;0;0;1;1;1;0
Konak District;1;0;1;0;0;0;0;0;0;0;0;0;0;1;0;0;0;0;0;0;1;1;0;0;0;0;1;0;1;0;1;0;0;0;0;0;0;1;0;1;0;0;0;1;0;1;0;0;0;0;1;0;0;0;1;0;1;1;0;1;0;0;0;0;0;1;0;1;0;1;0;0;0;0;1;0;0;0;0;1;1;0;0;1;0;0;0;0;0;0;0;0;0;1;1;0;0;0;0;0;1;0;0;0;0;0;0;1;1;0;0;0;0;1;0;0;0;0;0;0;1;0;0;1;0;0;0;0;0;0;0;0;1;0;0;0;0;0;0;0;0;0;0;1;0;1;0;0;0;0;0;0;1;1;0;1;0;0;0;0;0;0
Ordu;1;0;0;0;0;0;0;0;0;0;0;0;0;0;0;0;0;0;0;0;0;0;0;0;0;0;0;0;0;0;0;0;0;0;0;0;0;0;0;0;0;0;0;0;0;0;0;0;0;0;0;0;0;0;0;0;0;0;0;0;0;0;0;0;0;0;0;0;0;0;0;0;0;0;0;0;0;0;0;0;0;0;0;0;0;0;0;0;0;0;0;0;0;0;0;0;1;0;0;0;1;0;0;0;0;0;0;0;0;0;0;0;0;0;0;0;0;0;0;0;0;0;0;0;0;0;1;0;0;0;0;0;0;0;0;0;0;1;0;0;0;0;0;1;0;0;0;0;0;0;0;0;0;0;0;0;0;1;0;0;0;0
Uzumlu;1;0;0;0;0;0;0;0;0;0;0;0;0;0;0;0;0;0;0;0;0;0;0;1;0;0;0;1;0;0;0;0;0;0;0;0;0;0;0;0;0;0;0;0;0;0;1;0;0;0;0;0;0;0;0;0;0;0;0;0;0;0;0;0;0;1;0;0;0;0;0;0;1;1;0;0;0;0;0;1;0;0;0;0;0;0;0;0;0;0;0;0;0;1;0;0;0;1;1;0;1;0;1;0;0;0;0;0;0;0;0;0;0;0;1;0;1;0;0;0;1;0;0;0;0;0;0;1;0;0;0;0;0;0;0;0;1;0;1;0;1;0;0;0;0;0;0;0;0;0;0;0;0;0;0;0;0;0;0;0;0;0
Dortyol;1;0;0;0;0;1;0;1;0;0;0;0;0;0;0;0;0;1;0;0;0;0;0;0;0;1;1;0;0;0;0;0;1;0;0;0;0;0;0;0;1;0;0;0;1;0;0;1;1;0;0;0;0;0;0;0;0;0;0;0;0;0;0;1;0;0;0;0;0;0;0;1;1;0;0;0;1;0;0;0;0;0;0;1;0;1;0;0;0;0;0;0;1;0;0;0;0;0;0;1;1;1;0;0;0;0;1;0;0;0;0;1;0;0;0;0;0;1;0;0;1;1;0;0;0;0;0;0;0;0;0;0;0;0;1;0;0;0;0;0;0;1;0;1;0;0;1;1;0;1;0;0;0;0;0;0;0;0;1;0;0;0
Kizilsu;1;0;0;0;0;0;1;0;0;0;0;0;0;1;1;0;0;0;0;0;0;0;1;0;1;0;1;0;0;1;0;1;0;1;1;0;0;0;1;1;0;0;0;0;0;1;0;0;0;0;0;1;0;0;0;1;0;0;0;0;0;1;0;0;0;0;1;0;0;0;0;0;0;0;0;0;0;0;0;0;0;0;0;0;0;1;0;0;0;0;0;0;0;0;0;0;0;0;0;0;1;0;0;0;0;0;0;0;0;1;0;0;0;0;0;0;0;0;0;0;1;1;0;0;0;0;1;0;0;0;0;0;0;0;0;0;0;1;0;1;0;0;0;1;0;0;0;0;0;0;0;0;0;0;0;0;0;0;0;1;1;1
Van;5;1;1;0;1;1;1;1;1;0;0;0;1;0;1;1;1;0;1;1;1;1;1;0;2;0;3;0;1;1;2;1;0;1;1;0;1;1;2;3;0;1;1;1;0;4;0;1;0;1;1;1;0;1;1;1;1;1;2;1;1;1;1;0;1;1;1;1;1;1;1;0;2;0;1;1;0;1;1;1;1;1;1;2;1;1;0;1;1;1;1;1;0;1;1;1;0;0;0;0;4;0;0;1;1;1;0;1;1;1;1;0;1;1;0;1;0;0;1;1;4;2;1;2;1;1;3;1;1;1;1;1;1;1;0;1;0;1;0;1;0;1;1;4;1;1;0;0;1;1;2;2;1;2;1;1;1;0;0;2;2;2
Kabala;1;0;0;0;0;0;1;0;0;0;0;0;1;1;0;0;0;0;0;0;0;0;1;0;1;0;1;0;0;1;0;1;0;1;1;0;0;0;1;1;0;0;0;0;0;1;0;0;0;0;0;1;0;0;0;1;0;0;0;0;0;1;0;0;0;0;1;0;0;0;0;0;0;0;0;0;0;0;0;0;0;0;0;0;0;1;0;0;0;0;0;0;0;0;0;0;0;0;0;0;1;0;0;0;0;0;0;0;0;1;0;0;0;0;0;0;0;0;0;0;1;1;0;0;0;0;1;0;0;0;0;0;0;0;0;0;0;1;0;1;0;0;0;1;0;0;0;0;0;0;0;0;0;0;0;0;0;0;0;1;1;1
Sur district;1;0;0;0;0;1;0;0;0;0;0;0;0;1;0;0;1;0;1;0;0;0;0;0;0;0;1;0;0;0;0;0;0;0;0;0;0;0;0;1;0;1;0;0;0;1;0;1;0;0;0;0;0;0;0;0;0;0;1;0;1;0;0;0;0;0;0;0;0;0;0;0;0;0;0;1;0;0;0;0;0;0;0;1;1;0;0;0;1;0;0;0;0;0;0;0;0;0;0;0;1;0;0;0;0;0;0;0;0;0;0;0;0;0;0;0;0;0;0;0;1;1;0;0;1;0;1;0;0;0;1;0;0;1;0;1;0;0;0;0;0;1;1;1;0;0;0;0;0;0;1;0;0;1;0;0;1;0;0;0;0;1
Baykoy;1;0;0;0;0;1;0;0;0;0;0;0;0;1;0;1;0;0;1;0;0;0;0;0;0;0;1;0;0;0;0;0;0;0;0;0;0;0;0;1;0;1;0;0;0;1;0;1;0;0;0;0;0;0;0;0;0;0;1;0;1;0;0;0;0;0;0;0;0;0;0;0;0;0;0;1;0;0;0;0;0;0;0;1;1;0;0;0;1;0;0;0;0;0;0;0;0;0;0;0;1;0;0;0;0;0;0;0;0;0;0;0;0;0;0;0;0;0;0;0;1;1;0;0;1;0;1;0;0;0;1;0;0;1;0;1;0;0;0;0;0;1;1;1;0;0;0;0;0;0;1;0;0;1;0;0;1;0;0;0;0;1
Kucukmece;1;0;0;0;0;1;0;1;0;0;0;1;0;0;0;0;0;0;0;0;0;0;0;0;0;1;1;0;0;0;0;0;1;0;0;0;0;0;0;0;1;0;0;0;1;0;0;1;1;0;0;0;0;0;0;0;0;0;0;0;0;0;0;1;0;0;0;0;0;0;0;1;1;0;0;0;1;0;0;0;0;0;0;1;0;1;0;0;0;0;0;0;1;0;0;0;0;0;0;1;1;1;0;0;0;0;1;0;0;0;0;1;0;0;0;0;0;1;0;0;1;1;0;0;0;0;0;0;0;0;0;0;0;0;1;0;0;0;0;0;0;1;0;1;0;0;1;1;0;1;0;0;0;0;0;0;0;0;1;0;0;0
Pendik;1;0;0;0;0;1;0;0;0;0;0;0;0;1;0;1;1;0;0;0;0;0;0;0;0;0;1;0;0;0;0;0;0;0;0;0;0;0;0;1;0;1;0;0;0;1;0;1;0;0;0;0;0;0;0;0;0;0;1;0;1;0;0;0;0;0;0;0;0;0;0;0;0;0;0;1;0;0;0;0;0;0;0;1;1;0;0;0;1;0;0;0;0;0;0;0;0;0;0;0;1;0;0;0;0;0;0;0;0;0;0;0;0;0;0;0;0;0;0;0;1;1;0;0;1;0;1;0;0;0;1;0;0;1;0;1;0;0;0;0;0;1;1;1;0;0;0;0;0;0;1;0;0;1;0;0;1;0;0;0;0;1
Midyat;1;0;0;0;0;0;0;0;0;0;0;0;0;1;0;0;0;0;0;0;0;0;0;0;0;0;0;0;0;0;0;0;0;0;0;0;0;0;0;0;0;0;0;0;0;0;0;0;0;0;0;0;0;0;0;0;0;0;0;0;0;0;0;0;0;0;0;0;0;0;0;0;1;0;0;0;0;0;0;0;0;0;0;0;0;0;0;0;0;0;0;0;0;0;0;0;0;0;0;0;0;0;0;0;1;0;0;0;0;0;0;0;1;0;0;0;0;0;0;0;0;0;0;0;0;0;0;0;0;0;0;1;0;0;0;0;0;0;0;0;0;0;0;0;0;0;0;0;0;0;0;1;0;0;0;0;0;0;0;0;0;0
Toroslar;1;0;1;0;0;0;0;0;1;0;0;0;0;1;0;0;0;0;0;0;0;1;0;0;0;0;1;0;1;0;1;0;0;0;0;0;0;1;0;1;0;0;0;1;0;1;0;0;0;0;1;0;0;0;1;0;1;1;0;1;0;0;0;0;0;1;0;1;0;1;0;0;0;0;1;0;0;0;0;1;1;0;0;1;0;0;0;0;0;0;0;0;0;1;1;0;0;0;0;0;1;0;0;0;0;0;0;1;1;0;0;0;0;1;0;0;0;0;0;0;1;0;0;1;0;0;0;0;0;0;0;0;1;0;0;0;0;0;0;0;0;0;0;1;0;1;0;0;0;0;0;0;1;1;0;1;0;0;0;0;0;0
Bursa;1;0;1;0;0;0;0;0;1;0;0;0;0;1;0;0;0;0;0;0;1;0;0;0;0;0;1;0;1;0;1;0;0;0;0;0;0;1;0;1;0;0;0;1;0;1;0;0;0;0;1;0;0;0;1;0;1;1;0;1;0;0;0;0;0;1;0;1;0;1;0;0;0;0;1;0;0;0;0;1;1;0;0;1;0;0;0;0;0;0;0;0;0;1;1;0;0;0;0;0;1;0;0;0;0;0;0;1;1;0;0;0;0;1;0;0;0;0;0;0;1;0;0;1;0;0;0;0;0;0;0;0;1;0;0;0;0;0;0;0;0;0;0;1;0;1;0;0;0;0;0;0;1;1;0;1;0;0;0;0;0;0
Kadikoy district;1;0;0;0;0;0;1;0;0;0;0;0;1;1;1;0;0;0;0;0;0;0;0;0;1;0;1;0;0;1;0;1;0;1;1;0;0;0;1;1;0;0;0;0;0;1;0;0;0;0;0;1;0;0;0;1;0;0;0;0;0;1;0;0;0;0;1;0;0;0;0;0;0;0;0;0;0;0;0;0;0;0;0;0;0;1;0;0;0;0;0;0;0;0;0;0;0;0;0;0;1;0;0;0;0;0;0;0;0;1;0;0;0;0;0;0;0;0;0;0;1;1;0;0;0;0;1;0;0;0;0;0;0;0;0;0;0;1;0;1;0;0;0;1;0;0;0;0;0;0;0;0;0;0;0;0;0;0;0;1;1;1
Kirikkale;1;0;0;0;0;0;0;0;0;0;1;0;0;0;0;0;0;0;0;0;0;0;0;0;0;0;0;1;0;0;0;0;0;0;0;0;0;0;0;0;0;0;0;0;0;0;1;0;0;0;0;0;0;0;0;0;0;0;0;0;0;0;0;0;0;1;0;0;0;0;0;0;1;1;0;0;0;0;0;1;0;0;0;0;0;0;0;0;0;0;0;0;0;1;0;0;0;1;1;0;1;0;1;0;0;0;0;0;0;0;0;0;0;0;1;0;1;0;0;0;1;0;0;0;0;0;0;1;0;0;0;0;0;0;0;0;1;0;1;0;1;0;0;0;0;0;0;0;0;0;0;0;0;0;0;0;0;0;0;0;0;0
Kocakoy;2;1;0;0;1;0;1;1;0;0;0;0;1;2;1;0;0;0;0;0;0;0;1;0;0;0;1;0;0;1;1;1;0;1;1;0;1;0;2;1;0;0;1;0;0;2;0;0;0;1;0;1;0;1;0;1;0;0;1;0;0;1;1;0;1;0;1;0;1;0;1;0;1;0;0;0;0;1;1;0;0;1;1;0;0;1;0;1;0;1;1;1;0;0;0;1;0;0;0;0;2;0;0;1;0;1;0;0;0;1;1;0;0;0;0;1;0;0;1;1;2;1;1;1;0;1;2;1;1;1;0;0;0;0;0;0;0;1;0;1;0;0;0;2;1;0;0;0;1;1;1;1;0;0;1;0;0;0;0;2;2;1
Gebze district;1;0;0;0;0;1;0;1;0;0;0;1;0;0;0;0;0;1;0;0;0;0;0;0;0;0;1;0;0;0;0;0;1;0;0;0;0;0;0;0;1;0;0;0;1;0;0;1;1;0;0;0;0;0;0;0;0;0;0;0;0;0;0;1;0;0;0;0;0;0;0;1;1;0;0;0;1;0;0;0;0;0;0;1;0;1;0;0;0;0;0;0;1;0;0;0;0;0;0;1;1;1;0;0;0;0;1;0;0;0;0;1;0;0;0;0;0;1;0;0;1;1;0;0;0;0;0;0;0;0;0;0;0;0;1;0;0;0;0;0;0;1;0;1;0;0;1;1;0;1;0;0;0;0;0;0;0;0;1;0;0;0
Mersin;4;0;1;0;0;2;1;1;1;0;0;1;1;3;1;1;1;1;1;0;1;1;1;0;1;1;0;0;1;1;1;1;1;1;1;0;0;1;1;3;1;1;0;1;1;3;0;2;1;0;1;1;0;0;1;1;1;1;1;1;1;1;0;1;0;1;1;1;0;1;0;1;1;0;1;1;1;0;0;1;1;0;0;3;1;2;0;0;1;0;0;0;1;1;1;0;0;0;0;1;4;1;0;0;0;0;1;1;1;1;0;1;0;1;0;0;0;1;0;0;4;3;0;1;1;0;2;0;0;0;1;0;1;1;1;1;0;1;0;1;0;2;1;4;0;1;1;1;0;1;1;0;1;2;0;1;1;0;1;1;1;2
Yesilkoy;1;0;0;0;0;0;0;0;0;0;1;0;0;0;0;0;0;0;0;0;0;0;0;1;0;0;0;0;0;0;0;0;0;0;0;0;0;0;0;0;0;0;0;0;0;0;1;0;0;0;0;0;0;0;0;0;0;0;0;0;0;0;0;0;0;1;0;0;0;0;0;0;1;1;0;0;0;0;0;1;0;0;0;0;0;0;0;0;0;0;0;0;0;1;0;0;0;1;1;0;1;0;1;0;0;0;0;0;0;0;0;0;0;0;1;0;1;0;0;0;1;0;0;0;0;0;0;1;0;0;0;0;0;0;0;0;1;0;1;0;1;0;0;0;0;0;0;0;0;0;0;0;0;0;0;0;0;0;0;0;0;0
Dogansar District;1;0;1;0;0;0;0;0;1;0;0;0;0;1;0;0;0;0;0;0;1;1;0;0;0;0;1;0;0;0;1;0;0;0;0;0;0;1;0;1;0;0;0;1;0;1;0;0;0;0;1;0;0;0;1;0;1;1;0;1;0;0;0;0;0;1;0;1;0;1;0;0;0;0;1;0;0;0;0;1;1;0;0;1;0;0;0;0;0;0;0;0;0;1;1;0;0;0;0;0;1;0;0;0;0;0;0;1;1;0;0;0;0;1;0;0;0;0;0;0;1;0;0;1;0;0;0;0;0;0;0;0;1;0;0;0;0;0;0;0;0;0;0;1;0;1;0;0;0;0;0;0;1;1;0;1;0;0;0;0;0;0
Ercis district;1;0;0;0;0;0;1;0;0;0;0;0;1;1;1;0;0;0;0;0;0;0;1;0;1;0;1;0;0;0;0;1;0;1;1;0;0;0;1;1;0;0;0;0;0;1;0;0;0;0;0;1;0;0;0;1;0;0;0;0;0;1;0;0;0;0;1;0;0;0;0;0;0;0;0;0;0;0;0;0;0;0;0;0;0;1;0;0;0;0;0;0;0;0;0;0;0;0;0;0;1;0;0;0;0;0;0;0;0;1;0;0;0;0;0;0;0;0;0;0;1;1;0;0;0;0;1;0;0;0;0;0;0;0;0;0;0;1;0;1;0;0;0;1;0;0;0;0;0;0;0;0;0;0;0;0;0;0;0;1;1;1
Pulumur;2;1;1;0;1;0;0;1;1;0;0;0;0;2;0;0;0;0;0;0;1;1;0;0;1;0;1;0;1;0;0;0;0;0;0;0;1;1;1;1;0;0;1;1;0;2;0;0;0;1;1;0;0;1;1;0;1;1;1;1;0;0;1;0;1;1;0;1;1;1;1;0;1;0;1;0;0;1;1;1;1;1;1;1;0;0;0;1;0;1;1;1;0;1;1;1;0;0;0;0;2;0;0;1;0;1;0;1;1;0;1;0;0;1;0;1;0;0;1;1;2;0;1;2;0;1;1;1;1;1;0;0;1;0;0;0;0;0;0;0;0;0;0;2;1;1;0;0;1;1;1;1;1;1;1;1;0;0;0;1;1;0
Isparta;1;0;0;0;0;0;1;0;0;0;0;0;1;1;1;0;0;0;0;0;0;0;1;0;1;0;1;0;0;1;0;0;0;1;1;0;0;0;1;1;0;0;0;0;0;1;0;0;0;0;0;1;0;0;0;1;0;0;0;0;0;1;0;0;0;0;1;0;0;0;0;0;0;0;0;0;0;0;0;0;0;0;0;0;0;1;0;0;0;0;0;0;0;0;0;0;0;0;0;0;1;0;0;0;0;0;0;0;0;1;0;0;0;0;0;0;0;0;0;0;1;1;0;0;0;0;1;0;0;0;0;0;0;0;0;0;0;1;0;1;0;0;0;1;0;0;0;0;0;0;0;0;0;0;0;0;0;0;0;1;1;1
Kasimli;1;0;0;0;0;1;0;1;0;0;0;1;0;0;0;0;0;1;0;0;0;0;0;0;0;1;1;0;0;0;0;0;0;0;0;0;0;0;0;0;1;0;0;0;1;0;0;1;1;0;0;0;0;0;0;0;0;0;0;0;0;0;0;1;0;0;0;0;0;0;0;1;1;0;0;0;1;0;0;0;0;0;0;1;0;1;0;0;0;0;0;0;1;0;0;0;0;0;0;1;1;1;0;0;0;0;1;0;0;0;0;1;0;0;0;0;0;1;0;0;1;1;0;0;0;0;0;0;0;0;0;0;0;0;1;0;0;0;0;0;0;1;0;1;0;0;1;1;0;1;0;0;0;0;0;0;0;0;1;0;0;0
Pinarbasi;1;0;0;0;0;0;1;0;0;0;0;0;1;1;1;0;0;0;0;0;0;0;1;0;1;0;1;0;0;1;0;1;0;0;1;0;0;0;1;1;0;0;0;0;0;1;0;0;0;0;0;1;0;0;0;1;0;0;0;0;0;1;0;0;0;0;1;0;0;0;0;0;0;0;0;0;0;0;0;0;0;0;0;0;0;1;0;0;0;0;0;0;0;0;0;0;0;0;0;0;1;0;0;0;0;0;0;0;0;1;0;0;0;0;0;0;0;0;0;0;1;1;0;0;0;0;1;0;0;0;0;0;0;0;0;0;0;1;0;1;0;0;0;1;0;0;0;0;0;0;0;0;0;0;0;0;0;0;0;1;1;1
Sultangazi district;1;0;0;0;0;0;1;0;0;0;0;0;1;1;1;0;0;0;0;0;0;0;1;0;1;0;1;0;0;1;0;1;0;1;0;0;0;0;1;1;0;0;0;0;0;1;0;0;0;0;0;1;0;0;0;1;0;0;0;0;0;1;0;0;0;0;1;0;0;0;0;0;0;0;0;0;0;0;0;0;0;0;0;0;0;1;0;0;0;0;0;0;0;0;0;0;0;0;0;0;1;0;0;0;0;0;0;0;0;1;0;0;0;0;0;0;0;0;0;0;1;1;0;0;0;0;1;0;0;0;0;0;0;0;0;0;0;1;0;1;0;0;0;1;0;0;0;0;0;0;0;0;0;0;0;0;0;0;0;1;1;1
Cesme;1;0;0;0;0;0;0;0;0;0;0;0;0;0;0;0;0;0;0;0;0;0;0;0;0;0;0;0;0;0;0;0;0;0;0;0;0;0;0;0;0;0;0;0;0;0;0;0;0;0;0;0;1;0;0;0;0;0;0;0;0;0;0;0;0;0;0;0;0;0;0;0;0;0;0;0;0;0;0;0;0;0;0;0;0;0;0;0;0;0;0;0;0;0;0;0;0;0;0;0;0;0;0;0;0;0;0;0;0;0;0;0;0;0;0;0;0;0;0;0;0;0;0;0;0;0;0;0;0;0;0;0;0;0;0;0;0;0;0;0;0;0;0;0;0;0;0;0;0;0;0;0;0;0;0;0;0;0;0;0;0;0
Hani district;1;1;0;0;1;0;0;1;0;0;0;0;0;1;0;0;0;0;0;0;0;0;0;0;1;0;0;0;0;0;1;0;0;0;0;0;0;0;1;0;0;0;1;0;0;1;0;0;0;1;0;0;0;1;0;0;0;0;1;0;0;0;1;0;1;0;0;0;1;0;1;0;1;0;0;0;0;1;1;0;0;1;1;0;0;0;0;1;0;1;1;1;0;0;0;1;0;0;0;0;1;0;0;1;0;1;0;0;0;0;1;0;0;0;0;1;0;0;1;1;1;0;1;1;0;1;1;1;1;1;0;0;0;0;0;0;0;0;0;0;0;0;0;1;1;0;0;0;1;1;1;1;0;0;1;0;0;0;0;1;1;0
Alacakaya;1;0;1;0;0;0;0;0;1;0;0;0;0;1;0;0;0;0;0;0;1;1;0;0;0;0;1;0;1;0;1;0;0;0;0;0;0;0;0;1;0;0;0;1;0;1;0;0;0;0;1;0;0;0;1;0;1;1;0;1;0;0;0;0;0;1;0;1;0;1;0;0;0;0;1;0;0;0;0;1;1;0;0;1;0;0;0;0;0;0;0;0;0;1;1;0;0;0;0;0;1;0;0;0;0;0;0;1;1;0;0;0;0;1;0;0;0;0;0;0;1;0;0;1;0;0;0;0;0;0;0;0;1;0;0;0;0;0;0;0;0;0;0;1;0;1;0;0;0;0;0;0;1;1;0;1;0;0;0;0;0;0
Nusaybin;2;1;0;0;1;0;1;1;0;0;0;0;1;2;1;0;0;0;0;0;0;0;1;0;2;0;1;0;0;1;1;1;0;1;1;0;1;0;0;1;0;0;1;0;0;2;0;0;0;1;0;1;0;1;0;1;0;0;1;0;0;1;1;0;1;0;1;0;1;0;1;0;1;0;0;0;0;1;1;0;0;1;1;0;0;1;0;1;0;1;1;1;0;0;0;1;0;0;0;0;2;0;0;1;0;1;0;0;0;1;1;0;0;0;0;1;0;0;1;1;2;1;1;1;0;1;2;1;1;1;0;0;0;0;0;0;0;1;0;1;0;0;0;2;1;0;0;0;1;1;1;1;0;0;1;0;0;0;0;2;2;1
Batman;3;0;1;0;0;1;1;0;1;0;0;0;1;3;1;1;1;0;1;0;1;1;1;0;1;0;3;0;1;1;1;1;0;1;1;0;0;1;1;0;0;1;0;1;0;3;0;1;0;0;1;1;0;0;1;1;1;1;1;1;1;1;0;0;0;1;1;1;0;1;0;0;0;0;1;1;0;0;0;1;1;0;0;2;1;1;0;0;1;0;0;0;0;1;1;0;0;0;0;0;3;0;0;0;0;0;0;1;1;1;0;0;0;1;0;0;0;0;0;0;3;2;0;1;1;0;2;0;0;0;1;0;1;1;0;1;0;1;0;1;0;1;1;3;0;1;0;0;0;0;1;0;1;2;0;1;1;0;0;1;1;2
Belenoluk;1;0;0;0;0;1;0;1;0;0;0;1;0;0;0;0;0;1;0;0;0;0;0;0;0;1;1;0;0;0;0;0;1;0;0;0;0;0;0;0;0;0;0;0;1;0;0;1;1;0;0;0;0;0;0;0;0;0;0;0;0;0;0;1;0;0;0;0;0;0;0;1;1;0;0;0;1;0;0;0;0;0;0;1;0;1;0;0;0;0;0;0;1;0;0;0;0;0;0;1;1;1;0;0;0;0;1;0;0;0;0;1;0;0;0;0;0;1;0;0;1;1;0;0;0;0;0;0;0;0;0;0;0;0;1;0;0;0;0;0;0;1;0;1;0;0;1;1;0;1;0;0;0;0;0;0;0;0;1;0;0;0
Aydin;1;0;0;0;0;1;0;0;0;0;0;0;0;1;0;1;1;0;1;0;0;0;0;0;0;0;1;0;0;0;0;0;0;0;0;0;0;0;0;1;0;0;0;0;0;1;0;1;0;0;0;0;0;0;0;0;0;0;1;0;1;0;0;0;0;0;0;0;0;0;0;0;0;0;0;1;0;0;0;0;0;0;0;1;1;0;0;0;1;0;0;0;0;0;0;0;0;0;0;0;1;0;0;0;0;0;0;0;0;0;0;0;0;0;0;0;0;0;0;0;1;1;0;0;1;0;1;0;0;0;1;0;0;1;0;1;0;0;0;0;0;1;1;1;0;0;0;0;0;0;1;0;0;1;0;0;1;0;0;0;0;1
Torul;1;1;0;0;1;0;0;1;0;0;0;0;0;1;0;0;0;0;0;0;0;0;0;0;1;0;0;0;0;0;1;0;0;0;0;0;1;0;1;0;0;0;0;0;0;1;0;0;0;1;0;0;0;1;0;0;0;0;1;0;0;0;1;0;1;0;0;0;1;0;1;0;1;0;0;0;0;1;1;0;0;1;1;0;0;0;0;1;0;1;1;1;0;0;0;1;0;0;0;0;1;0;0;1;0;1;0;0;0;0;1;0;0;0;0;1;0;0;1;1;1;0;1;1;0;1;1;1;1;1;0;0;0;0;0;0;0;0;0;0;0;0;0;1;1;0;0;0;1;1;1;1;0;0;1;0;0;0;0;1;1;0
Cankiri;1;0;1;0;0;0;0;0;1;0;0;0;0;1;0;0;0;0;0;0;1;1;0;0;0;0;1;0;1;0;1;0;0;0;0;0;0;1;0;1;0;0;0;0;0;1;0;0;0;0;1;0;0;0;1;0;1;1;0;1;0;0;0;0;0;1;0;1;0;1;0;0;0;0;1;0;0;0;0;1;1;0;0;1;0;0;0;0;0;0;0;0;0;1;1;0;0;0;0;0;1;0;0;0;0;0;0;1;1;0;0;0;0;1;0;0;0;0;0;0;1;0;0;1;0;0;0;0;0;0;0;0;1;0;0;0;0;0;0;0;0;0;0;1;0;1;0;0;0;0;0;0;1;1;0;1;0;0;0;0;0;0
Dikbiyik;1;0;0;0;0;1;0;1;0;0;0;1;0;0;0;0;0;1;0;0;0;0;0;0;0;1;1;0;0;0;0;0;1;0;0;0;0;0;0;0;1;0;0;0;0;0;0;1;1;0;0;0;0;0;0;0;0;0;0;0;0;0;0;1;0;0;0;0;0;0;0;1;1;0;0;0;1;0;0;0;0;0;0;1;0;1;0;0;0;0;0;0;1;0;0;0;0;0;0;1;1;1;0;0;0;0;1;0;0;0;0;1;0;0;0;0;0;1;0;0;1;1;0;0;0;0;0;0;0;0;0;0;0;0;1;0;0;0;0;0;0;1;0;1;0;0;1;1;0;1;0;0;0;0;0;0;0;0;1;0;0;0
Hakkari;4;1;1;0;1;1;1;1;1;0;0;0;1;4;1;1;1;0;1;0;1;1;1;0;2;0;3;0;1;1;2;1;0;1;1;0;1;1;2;3;0;1;1;1;0;0;0;1;0;1;1;1;0;1;1;1;1;1;2;1;1;1;1;0;1;1;1;1;1;1;1;0;1;0;1;1;0;1;1;1;1;1;1;2;1;1;0;1;1;1;1;1;0;1;1;1;0;0;0;0;4;0;0;1;0;1;0;1;1;1;1;0;0;1;0;1;0;0;1;1;4;2;1;2;1;1;3;1;1;1;1;0;1;1;0;1;0;1;0;1;0;1;1;4;1;1;0;0;1;1;2;1;1;2;1;1;1;0;0;2;2;2
Duzici district;1;0;0;0;0;0;0;0;0;0;1;0;0;0;0;0;0;0;0;0;0;0;0;1;0;0;0;1;0;0;0;0;0;0;0;0;0;0;0;0;0;0;0;0;0;0;0;0;0;0;0;0;0;0;0;0;0;0;0;0;0;0;0;0;0;1;0;0;0;0;0;0;1;1;0;0;0;0;0;1;0;0;0;0;0;0;0;0;0;0;0;0;0;1;0;0;0;1;1;0;1;0;1;0;0;0;0;0;0;0;0;0;0;0;1;0;1;0;0;0;1;0;0;0;0;0;0;1;0;0;0;0;0;0;0;0;1;0;1;0;1;0;0;0;0;0;0;0;0;0;0;0;0;0;0;0;0;0;0;0;0;0
Sirnak;2;0;0;0;0;2;0;1;0;0;0;1;0;1;0;1;1;1;1;0;0;0;0;0;0;1;2;0;0;0;0;0;1;0;0;0;0;0;0;1;1;1;0;0;1;1;0;0;1;0;0;0;0;0;0;0;0;0;1;0;1;0;0;1;0;0;0;0;0;0;0;1;1;0;0;1;1;0;0;0;0;0;0;2;1;1;0;0;1;0;0;0;1;0;0;0;0;0;0;1;2;1;0;0;0;0;1;0;0;0;0;1;0;0;0;0;0;1;0;0;2;2;0;0;1;0;1;0;0;0;1;0;0;1;1;1;0;0;0;0;0;2;1;2;0;0;1;1;0;1;1;0;0;1;0;0;1;0;1;0;0;1
Caglayan;1;0;0;0;0;1;0;1;0;0;0;1;0;0;0;0;0;1;0;0;0;0;0;0;0;1;1;0;0;0;0;0;1;0;0;0;0;0;0;0;1;0;0;0;1;0;0;1;0;0;0;0;0;0;0;0;0;0;0;0;0;0;0;1;0;0;0;0;0;0;0;1;1;0;0;0;1;0;0;0;0;0;0;1;0;1;0;0;0;0;0;0;1;0;0;0;0;0;0;1;1;1;0;0;0;0;1;0;0;0;0;1;0;0;0;0;0;1;0;0;1;1;0;0;0;0;0;0;0;0;0;0;0;0;1;0;0;0;0;0;0;1;0;1;0;0;1;1;0;1;0;0;0;0;0;0;0;0;1;0;0;0
Akcay;1;1;0;0;1;0;0;1;0;0;0;0;0;1;0;0;0;0;0;0;0;0;0;0;1;0;0;0;0;0;1;0;0;0;0;0;1;0;1;0;0;0;1;0;0;1;0;0;0;0;0;0;0;1;0;0;0;0;1;0;0;0;1;0;1;0;0;0;1;0;1;0;1;0;0;0;0;1;1;0;0;1;1;0;0;0;0;1;0;1;1;1;0;0;0;1;0;0;0;0;1;0;0;1;0;1;0;0;0;0;1;0;0;0;0;1;0;0;1;1;1;0;1;1;0;1;1;1;1;1;0;0;0;0;0;0;0;0;0;0;0;0;0;1;1;0;0;0;1;1;1;1;0;0;1;0;0;0;0;1;1;0
Sanliurfa;2;0;1;0;0;0;0;0;1;0;0;0;0;1;0;0;0;0;0;0;1;1;0;0;0;0;1;0;1;0;1;0;0;0;0;0;0;1;0;1;0;0;0;1;0;1;0;0;0;0;0;0;0;0;1;0;2;1;0;1;0;0;0;0;0;1;0;1;0;1;0;0;0;0;1;0;0;0;0;1;1;0;0;1;0;0;0;0;0;0;0;0;0;1;1;0;0;0;0;0;1;0;0;0;0;0;0;1;1;0;0;0;0;1;0;0;0;0;0;0;1;0;0;1;0;0;0;0;0;0;0;0;1;0;0;0;0;0;0;0;0;0;0;2;0;1;0;0;0;0;0;0;1;1;0;1;0;0;0;0;0;0
Mardinkapi;1;0;0;0;0;0;1;0;0;0;0;0;1;1;1;0;0;0;0;0;0;0;1;0;1;0;1;0;0;1;0;1;0;1;1;0;0;0;1;1;0;0;0;0;0;1;0;0;0;0;0;0;0;0;0;1;0;0;0;0;0;1;0;0;0;0;1;0;0;0;0;0;0;0;0;0;0;0;0;0;0;0;0;0;0;1;0;0;0;0;0;0;0;0;0;0;0;0;0;0;1;0;0;0;0;0;0;0;0;1;0;0;0;0;0;0;0;0;0;0;1;1;0;0;0;0;1;0;0;0;0;0;0;0;0;0;0;1;0;1;0;0;0;1;0;0;0;0;0;0;0;0;0;0;0;0;0;0;0;1;1;1
Kusadasi district;1;0;0;0;0;0;0;0;0;0;0;0;0;0;0;0;0;0;0;0;0;0;0;0;0;0;0;0;0;0;0;0;0;0;0;1;0;0;0;0;0;0;0;0;0;0;0;0;0;0;0;0;0;0;0;0;0;0;0;0;0;0;0;0;0;0;0;0;0;0;0;0;0;0;0;0;0;0;0;0;0;0;0;0;0;0;0;0;0;0;0;0;0;0;0;0;0;0;0;0;0;0;0;0;0;0;0;0;0;0;0;0;0;0;0;0;0;0;0;0;0;0;0;0;0;0;0;0;0;0;0;0;0;0;0;0;0;0;0;0;0;0;0;0;0;0;0;0;0;0;0;0;0;0;0;0;0;0;0;0;0;0
Yuksekova District;1;1;0;0;1;0;0;1;0;0;0;0;0;1;0;0;0;0;0;0;0;0;0;0;1;0;0;0;0;0;1;0;0;0;0;0;1;0;1;0;0;0;1;0;0;1;0;0;0;1;0;0;0;0;0;0;0;0;1;0;0;0;1;0;1;0;0;0;1;0;1;0;1;0;0;0;0;1;1;0;0;1;1;0;0;0;0;1;0;1;1;1;0;0;0;1;0;0;0;0;1;0;0;1;0;1;0;0;0;0;1;0;0;0;0;1;0;0;1;1;1;0;1;1;0;1;1;1;1;1;0;0;0;0;0;0;0;0;0;0;0;0;0;1;1;0;0;0;1;1;1;1;0;0;1;0;0;0;0;1;1;0
Yenimahalle District;1;0;1;0;0;0;0;0;1;0;0;0;0;1;0;0;0;0;0;0;1;1;0;0;0;0;1;0;1;0;1;0;0;0;0;0;0;1;0;1;0;0;0;1;0;1;0;0;0;0;1;0;0;0;0;0;1;1;0;1;0;0;0;0;0;1;0;1;0;1;0;0;0;0;1;0;0;0;0;1;1;0;0;1;0;0;0;0;0;0;0;0;0;1;1;0;0;0;0;0;1;0;0;0;0;0;0;1;1;0;0;0;0;1;0;0;0;0;0;0;1;0;0;1;0;0;0;0;0;0;0;0;1;0;0;0;0;0;0;0;0;0;0;1;0;1;0;0;0;0;0;0;1;1;0;1;0;0;0;0;0;0
Beytussebap district;1;0;0;0;0;0;1;0;0;0;0;0;1;1;1;0;0;0;0;0;0;0;1;0;1;0;1;0;0;1;0;1;0;1;1;0;0;0;1;1;0;0;0;0;0;1;0;0;0;0;0;1;0;0;0;0;0;0;0;0;0;1;0;0;0;0;1;0;0;0;0;0;0;0;0;0;0;0;0;0;0;0;0;0;0;1;0;0;0;0;0;0;0;0;0;0;0;0;0;0;1;0;0;0;0;0;0;0;0;1;0;0;0;0;0;0;0;0;0;0;1;1;0;0;0;0;1;0;0;0;0;0;0;0;0;0;0;1;0;1;0;0;0;1;0;0;0;0;0;0;0;0;0;0;0;0;0;0;0;1;1;1
Gaziantep;2;0;1;0;0;0;0;0;1;0;0;0;0;1;0;0;0;0;0;0;1;1;0;0;0;0;1;0;1;0;1;0;0;0;0;0;0;1;0;1;0;0;0;1;0;1;0;0;0;0;2;0;0;0;1;0;0;1;0;1;0;0;0;0;0;1;0;1;0;1;0;0;0;0;1;0;0;0;0;1;1;0;0;1;0;0;0;0;0;0;0;0;0;1;1;0;0;0;0;0;1;0;0;0;0;0;0;1;1;0;0;0;0;1;0;0;0;0;0;0;1;0;0;1;0;0;0;0;0;0;0;0;1;0;0;0;0;0;0;0;0;0;0;2;0;1;0;0;0;0;0;0;1;1;0;1;0;0;0;0;0;0
Erzin;1;0;1;0;0;0;0;0;1;0;0;0;0;1;0;0;0;0;0;0;1;1;0;0;0;0;1;0;1;0;1;0;0;0;0;0;0;1;0;1;0;0;0;1;0;1;0;0;0;0;1;0;0;0;1;0;1;0;0;1;0;0;0;0;0;1;0;1;0;1;0;0;0;0;1;0;0;0;0;1;1;0;0;1;0;0;0;0;0;0;0;0;0;1;1;0;0;0;0;0;1;0;0;0;0;0;0;1;1;0;0;0;0;1;0;0;0;0;0;0;1;0;0;1;0;0;0;0;0;0;0;0;1;0;0;0;0;0;0;0;0;0;0;1;0;1;0;0;0;0;0;0;1;1;0;1;0;0;0;0;0;0
Semdinli district;2;1;0;0;1;1;0;1;0;0;0;0;0;2;0;1;1;0;1;0;0;0;0;0;1;0;1;0;0;0;1;0;0;0;0;0;1;0;1;1;0;1;1;0;0;2;0;1;0;1;0;0;0;1;0;0;0;0;0;0;1;0;1;0;1;0;0;0;1;0;1;0;1;0;0;1;0;1;1;0;0;1;1;1;1;0;0;1;1;1;1;1;0;0;0;1;0;0;0;0;2;0;0;1;0;1;0;0;0;0;1;0;0;0;0;1;0;0;1;1;2;1;1;1;1;1;2;1;1;1;1;0;0;1;0;1;0;0;0;0;0;1;1;2;1;0;0;0;1;1;2;1;0;1;1;0;1;0;0;1;1;1
Hatay;1;0;1;0;0;0;0;0;1;0;0;0;0;1;0;0;0;0;0;0;1;1;0;0;0;0;1;0;1;0;1;0;0;0;0;0;0;1;0;1;0;0;0;1;0;1;0;0;0;0;1;0;0;0;1;0;1;1;0;0;0;0;0;0;0;1;0;1;0;1;0;0;0;0;1;0;0;0;0;1;1;0;0;1;0;0;0;0;0;0;0;0;0;1;1;0;0;0;0;0;1;0;0;0;0;0;0;1;1;0;0;0;0;1;0;0;0;0;0;0;1;0;0;1;0;0;0;0;0;0;0;0;1;0;0;0;0;0;0;0;0;0;0;1;0;1;0;0;0;0;0;0;1;1;0;1;0;0;0;0;0;0
Yenisehir;1;0;0;0;0;1;0;0;0;0;0;0;0;1;0;1;1;0;1;0;0;0;0;0;0;0;1;0;0;0;0;0;0;0;0;0;0;0;0;1;0;1;0;0;0;1;0;1;0;0;0;0;0;0;0;0;0;0;1;0;0;0;0;0;0;0;0;0;0;0;0;0;0;0;0;1;0;0;0;0;0;0;0;1;1;0;0;0;1;0;0;0;0;0;0;0;0;0;0;0;1;0;0;0;0;0;0;0;0;0;0;0;0;0;0;0;0;0;0;0;1;1;0;0;1;0;1;0;0;0;1;0;0;1;0;1;0;0;0;0;0;1;1;1;0;0;0;0;0;0;1;0;0;1;0;0;1;0;0;0;0;1
Pozanti;1;0;0;0;0;0;1;0;0;0;0;0;1;1;1;0;0;0;0;0;0;0;1;0;1;0;1;0;0;1;0;1;0;1;1;0;0;0;1;1;0;0;0;0;0;1;0;0;0;0;0;1;0;0;0;1;0;0;0;0;0;0;0;0;0;0;1;0;0;0;0;0;0;0;0;0;0;0;0;0;0;0;0;0;0;1;0;0;0;0;0;0;0;0;0;0;0;0;0;0;1;0;0;0;0;0;0;0;0;1;0;0;0;0;0;0;0;0;0;0;1;1;0;0;0;0;1;0;0;0;0;0;0;0;0;0;0;1;0;1;0;0;0;1;0;0;0;0;0;0;0;0;0;0;0;0;0;0;0;1;1;1
Bulanik;1;1;0;0;1;0;0;1;0;0;0;0;0;1;0;0;0;0;0;0;0;0;0;0;1;0;0;0;0;0;1;0;0;0;0;0;1;0;1;0;0;0;1;0;0;1;0;0;0;1;0;0;0;1;0;0;0;0;1;0;0;0;0;0;1;0;0;0;1;0;1;0;1;0;0;0;0;1;1;0;0;1;1;0;0;0;0;1;0;1;1;1;0;0;0;1;0;0;0;0;1;0;0;1;0;1;0;0;0;0;1;0;0;0;0;1;0;0;1;1;1;0;1;1;0;1;1;1;1;1;0;0;0;0;0;0;0;0;0;0;0;0;0;1;1;0;0;0;1;1;1;1;0;0;1;0;0;0;0;1;1;0
Besikduzu;1;0;0;0;0;1;0;1;0;0;0;1;0;0;0;0;0;1;0;0;0;0;0;0;0;1;1;0;0;0;0;0;1;0;0;0;0;0;0;0;1;0;0;0;1;0;0;1;1;0;0;0;0;0;0;0;0;0;0;0;0;0;0;0;0;0;0;0;0;0;0;1;1;0;0;0;1;0;0;0;0;0;0;1;0;1;0;0;0;0;0;0;1;0;0;0;0;0;0;1;1;1;0;0;0;0;1;0;0;0;0;1;0;0;0;0;0;1;0;0;1;1;0;0;0;0;0;0;0;0;0;0;0;0;1;0;0;0;0;0;0;1;0;1;0;0;1;1;0;1;0;0;0;0;0;0;0;0;1;0;0;0
Bitlis;1;1;0;0;1;0;0;1;0;0;0;0;0;1;0;0;0;0;0;0;0;0;0;0;1;0;0;0;0;0;1;0;0;0;0;0;1;0;1;0;0;0;1;0;0;1;0;0;0;1;0;0;0;1;0;0;0;0;1;0;0;0;1;0;0;0;0;0;1;0;1;0;1;0;0;0;0;1;1;0;0;1;1;0;0;0;0;1;0;1;1;1;0;0;0;1;0;0;0;0;1;0;0;1;0;1;0;0;0;0;1;0;0;0;0;1;0;0;1;1;1;0;1;1;0;1;1;1;1;1;0;0;0;0;0;0;0;0;0;0;0;0;0;1;1;0;0;0;1;1;1;1;0;0;1;0;0;0;0;1;1;0
Mus;2;0;1;0;0;0;0;0;1;0;1;0;0;1;0;0;0;0;0;0;1;1;0;1;0;0;1;1;1;0;1;0;0;0;0;0;0;1;0;1;0;0;0;1;0;1;1;0;0;0;1;0;0;0;1;0;1;1;0;1;0;0;0;0;0;0;0;1;0;1;0;0;1;1;1;0;0;0;0;2;1;0;0;1;0;0;0;0;0;0;0;0;0;2;1;0;0;1;1;0;2;0;1;0;0;0;0;1;1;0;0;0;0;1;1;0;1;0;0;0;2;0;0;1;0;0;0;1;0;0;0;0;1;0;0;0;1;0;1;0;1;0;0;1;0;1;0;0;0;0;0;0;1;1;0;1;0;0;0;0;0;0
Diyadin District;1;0;0;0;0;0;1;0;0;0;0;0;1;1;1;0;0;0;0;0;0;0;1;0;1;0;1;0;0;1;0;1;0;1;1;0;0;0;1;1;0;0;0;0;0;1;0;0;0;0;0;1;0;0;0;1;0;0;0;0;0;1;0;0;0;0;0;0;0;0;0;0;0;0;0;0;0;0;0;0;0;0;0;0;0;1;0;0;0;0;0;0;0;0;0;0;0;0;0;0;1;0;0;0;0;0;0;0;0;1;0;0;0;0;0;0;0;0;0;0;1;1;0;0;0;0;1;0;0;0;0;0;0;0;0;0;0;1;0;1;0;0;0;1;0;0;0;0;0;0;0;0;0;0;0;0;0;0;0;1;1;1
Cat district;1;0;1;0;0;0;0;0;1;0;0;0;0;1;0;0;0;0;0;0;1;1;0;0;0;0;1;0;1;0;1;0;0;0;0;0;0;1;0;1;0;0;0;1;0;1;0;0;0;0;1;0;0;0;1;0;1;1;0;1;0;0;0;0;0;1;0;0;0;1;0;0;0;0;1;0;0;0;0;1;1;0;0;1;0;0;0;0;0;0;0;0;0;1;1;0;0;0;0;0;1;0;0;0;0;0;0;1;1;0;0;0;0;1;0;0;0;0;0;0;1;0;0;1;0;0;0;0;0;0;0;0;1;0;0;0;0;0;0;0;0;0;0;1;0;1;0;0;0;0;0;0;1;1;0;1;0;0;0;0;0;0
Lice;1;1;0;0;1;0;0;1;0;0;0;0;0;1;0;0;0;0;0;0;0;0;0;0;1;0;0;0;0;0;1;0;0;0;0;0;1;0;1;0;0;0;1;0;0;1;0;0;0;1;0;0;0;1;0;0;0;0;1;0;0;0;1;0;1;0;0;0;0;0;1;0;1;0;0;0;0;1;1;0;0;1;1;0;0;0;0;1;0;1;1;1;0;0;0;1;0;0;0;0;1;0;0;1;0;1;0;0;0;0;1;0;0;0;0;1;0;0;1;1;1;0;1;1;0;1;1;1;1;1;0;0;0;0;0;0;0;0;0;0;0;0;0;1;1;0;0;0;1;1;1;1;0;0;1;0;0;0;0;1;1;0
Of;1;0;1;0;0;0;0;0;1;0;0;0;0;1;0;0;0;0;0;0;1;1;0;0;0;0;1;0;1;0;1;0;0;0;0;0;0;1;0;1;0;0;0;1;0;1;0;0;0;0;1;0;0;0;1;0;1;1;0;1;0;0;0;0;0;1;0;1;0;0;0;0;0;0;1;0;0;0;0;1;1;0;0;1;0;0;0;0;0;0;0;0;0;1;1;0;0;0;0;0;1;0;0;0;0;0;0;1;1;0;0;0;0;1;0;0;0;0;0;0;1;0;0;1;0;0;0;0;0;0;0;0;1;0;0;0;0;0;0;0;0;0;0;1;0;1;0;0;0;0;0;0;1;1;0;1;0;0;0;0;0;0
Iskenderun;1;1;0;0;1;0;0;1;0;0;0;0;0;1;0;0;0;0;0;0;0;0;0;0;1;0;0;0;0;0;1;0;0;0;0;0;1;0;1;0;0;0;1;0;0;1;0;0;0;1;0;0;0;1;0;0;0;0;1;0;0;0;1;0;1;0;0;0;1;0;0;0;1;0;0;0;0;1;1;0;0;1;1;0;0;0;0;1;0;1;1;1;0;0;0;1;0;0;0;0;1;0;0;1;0;1;0;0;0;0;1;0;0;0;0;1;0;0;1;1;1;0;1;1;0;1;1;1;1;1;0;0;0;0;0;0;0;0;0;0;0;0;0;1;1;0;0;0;1;1;1;1;0;0;1;0;0;0;0;1;1;0
Payas;1;0;0;0;0;1;0;1;0;0;0;1;0;0;0;0;0;1;0;0;0;0;0;0;0;1;1;0;0;0;0;0;1;0;0;0;0;0;0;0;1;0;0;0;1;0;0;1;1;0;0;0;0;0;0;0;0;0;0;0;0;0;0;1;0;0;0;0;0;0;0;0;1;0;0;0;1;0;0;0;0;0;0;1;0;1;0;0;0;0;0;0;1;0;0;0;0;0;0;1;1;1;0;0;0;0;1;0;0;0;0;1;0;0;0;0;0;1;0;0;1;1;0;0;0;0;0;0;0;0;0;0;0;0;1;0;0;0;0;0;0;1;0;1;0;0;1;1;0;1;0;0;0;0;0;0;0;0;1;0;0;0
Dogubeyazit district;4;1;0;0;1;1;0;2;0;0;1;1;0;2;0;0;0;1;0;1;0;0;0;1;1;1;1;1;0;0;1;0;1;0;0;0;1;0;1;0;1;0;1;0;1;1;1;1;1;1;0;0;0;1;0;0;0;0;1;0;0;0;1;1;1;1;0;0;1;0;1;1;0;1;0;0;1;1;1;1;0;1;1;1;0;1;0;1;0;1;1;1;1;1;0;1;0;1;1;1;3;1;1;1;1;1;1;0;0;0;1;1;1;0;1;1;1;1;1;1;3;1;1;1;0;1;1;2;1;1;0;1;0;0;1;0;1;0;1;0;1;1;0;2;1;0;1;1;1;2;1;2;0;0;1;0;0;0;1;1;1;0
Silopi;1;0;0;0;0;0;0;0;0;0;1;0;0;0;0;0;0;0;0;0;0;0;0;1;0;0;0;1;0;0;0;0;0;0;0;0;0;0;0;0;0;0;0;0;0;0;1;0;0;0;0;0;0;0;0;0;0;0;0;0;0;0;0;0;0;1;0;0;0;0;0;0;1;0;0;0;0;0;0;1;0;0;0;0;0;0;0;0;0;0;0;0;0;1;0;0;0;1;1;0;1;0;1;0;0;0;0;0;0;0;0;0;0;0;1;0;1;0;0;0;1;0;0;0;0;0;0;1;0;0;0;0;0;0;0;0;1;0;1;0;1;0;0;0;0;0;0;0;0;0;0;0;0;0;0;0;0;0;0;0;0;0
Beytussebap;1;0;1;0;0;0;0;0;1;0;0;0;0;1;0;0;0;0;0;0;1;1;0;0;0;0;1;0;1;0;1;0;0;0;0;0;0;1;0;1;0;0;0;1;0;1;0;0;0;0;1;0;0;0;1;0;1;1;0;1;0;0;0;0;0;1;0;1;0;1;0;0;0;0;0;0;0;0;0;1;1;0;0;1;0;0;0;0;0;0;0;0;0;1;1;0;0;0;0;0;1;0;0;0;0;0;0;1;1;0;0;0;0;1;0;0;0;0;0;0;1;0;0;1;0;0;0;0;0;0;0;0;1;0;0;0;0;0;0;0;0;0;0;1;0;1;0;0;0;0;0;0;1;1;0;1;0;0;0;0;0;0
Bademli;1;0;0;0;0;1;0;0;0;0;0;0;0;1;0;1;1;0;1;0;0;0;0;0;0;0;1;0;0;0;0;0;0;0;0;0;0;0;0;1;0;1;0;0;0;1;0;1;0;0;0;0;0;0;0;0;0;0;1;0;1;0;0;0;0;0;0;0;0;0;0;0;0;0;0;0;0;0;0;0;0;0;0;1;1;0;0;0;1;0;0;0;0;0;0;0;0;0;0;0;1;0;0;0;0;0;0;0;0;0;0;0;0;0;0;0;0;0;0;0;1;1;0;0;1;0;1;0;0;0;1;0;0;1;0;1;0;0;0;0;0;1;1;1;0;0;0;0;0;0;1;0;0;1;0;0;1;0;0;0;0;1
Solhan;1;0;0;0;0;1;0;1;0;0;0;1;0;0;0;0;0;1;0;0;0;0;0;0;0;1;1;0;0;0;0;0;1;0;0;0;0;0;0;0;1;0;0;0;1;0;0;1;1;0;0;0;0;0;0;0;0;0;0;0;0;0;0;1;0;0;0;0;0;0;0;1;1;0;0;0;0;0;0;0;0;0;0;1;0;1;0;0;0;0;0;0;1;0;0;0;0;0;0;1;1;1;0;0;0;0;1;0;0;0;0;1;0;0;0;0;0;1;0;0;1;1;0;0;0;0;0;0;0;0;0;0;0;0;1;0;0;0;0;0;0;1;0;1;0;0;1;1;0;1;0;0;0;0;0;0;0;0;1;0;0;0
Bukardi;1;1;0;0;1;0;0;1;0;0;0;0;0;1;0;0;0;0;0;0;0;0;0;0;1;0;0;0;0;0;1;0;0;0;0;0;1;0;1;0;0;0;1;0;0;1;0;0;0;1;0;0;0;1;0;0;0;0;1;0;0;0;1;0;1;0;0;0;1;0;1;0;1;0;0;0;0;0;1;0;0;1;1;0;0;0;0;1;0;1;1;1;0;0;0;1;0;0;0;0;1;0;0;1;0;1;0;0;0;0;1;0;0;0;0;1;0;0;1;1;1;0;1;1;0;1;1;1;1;1;0;0;0;0;0;0;0;0;0;0;0;0;0;1;1;0;0;0;1;1;1;1;0;0;1;0;0;0;0;1;1;0
Cizre District;1;1;0;0;1;0;0;1;0;0;0;0;0;1;0;0;0;0;0;0;0;0;0;0;1;0;0;0;0;0;1;0;0;0;0;0;1;0;1;0;0;0;1;0;0;1;0;0;0;1;0;0;0;1;0;0;0;0;1;0;0;0;1;0;1;0;0;0;1;0;1;0;1;0;0;0;0;1;0;0;0;1;1;0;0;0;0;1;0;1;1;1;0;0;0;1;0;0;0;0;1;0;0;1;0;1;0;0;0;0;1;0;0;0;0;1;0;0;1;1;1;0;1;1;0;1;1;1;1;1;0;0;0;0;0;0;0;0;0;0;0;0;0;1;1;0;0;0;1;1;1;1;0;0;1;0;0;0;0;1;1;0
Bingol;2;0;1;0;0;0;0;0;1;0;1;0;0;1;0;0;0;0;0;0;1;1;0;1;0;0;1;1;1;0;1;0;0;0;0;0;0;1;0;1;0;0;0;1;0;1;1;0;0;0;1;0;0;0;1;0;1;1;0;1;0;0;0;0;0;2;0;1;0;1;0;0;1;1;1;0;0;0;0;0;1;0;0;1;0;0;0;0;0;0;0;0;0;2;1;0;0;1;1;0;2;0;1;0;0;0;0;1;1;0;0;0;0;1;1;0;1;0;0;0;2;0;0;1;0;0;0;1;0;0;0;0;1;0;0;0;1;0;1;0;1;0;0;1;0;1;0;0;0;0;0;0;1;1;0;1;0;0;0;0;0;0
Kiziltepe District;1;0;1;0;0;0;0;0;1;0;0;0;0;1;0;0;0;0;0;0;1;1;0;0;0;0;1;0;1;0;1;0;0;0;0;0;0;1;0;1;0;0;0;1;0;1;0;0;0;0;1;0;0;0;1;0;1;1;0;1;0;0;0;0;0;1;0;1;0;1;0;0;0;0;1;0;0;0;0;1;0;0;0;1;0;0;0;0;0;0;0;0;0;1;1;0;0;0;0;0;1;0;0;0;0;0;0;1;1;0;0;0;0;1;0;0;0;0;0;0;1;0;0;1;0;0;0;0;0;0;0;0;1;0;0;0;0;0;0;0;0;0;0;1;0;1;0;0;0;0;0;0;1;1;0;1;0;0;0;0;0;0
Pervari;1;1;0;0;1;0;0;1;0;0;0;0;0;1;0;0;0;0;0;0;0;0;0;0;1;0;0;0;0;0;1;0;0;0;0;0;1;0;1;0;0;0;1;0;0;1;0;0;0;1;0;0;0;1;0;0;0;0;1;0;0;0;1;0;1;0;0;0;1;0;1;0;1;0;0;0;0;1;1;0;0;0;1;0;0;0;0;1;0;1;1;1;0;0;0;1;0;0;0;0;1;0;0;1;0;1;0;0;0;0;1;0;0;0;0;1;0;0;1;1;1;0;1;1;0;1;1;1;1;1;0;0;0;0;0;0;0;0;0;0;0;0;0;1;1;0;0;0;1;1;1;1;0;0;1;0;0;0;0;1;1;0
Mezra;1;1;0;0;1;0;0;1;0;0;0;0;0;1;0;0;0;0;0;0;0;0;0;0;1;0;0;0;0;0;1;0;0;0;0;0;1;0;1;0;0;0;1;0;0;1;0;0;0;1;0;0;0;1;0;0;0;0;1;0;0;0;1;0;1;0;0;0;1;0;1;0;1;0;0;0;0;1;1;0;0;1;0;0;0;0;0;1;0;1;1;1;0;0;0;1;0;0;0;0;1;0;0;1;0;1;0;0;0;0;1;0;0;0;0;1;0;0;1;1;1;0;1;1;0;1;1;1;1;1;0;0;0;0;0;0;0;0;0;0;0;0;0;1;1;0;0;0;1;1;1;1;0;0;1;0;0;0;0;1;1;0
Izmir;3;0;1;0;0;2;0;1;1;0;0;1;0;2;0;1;1;1;1;0;1;1;0;0;0;1;3;0;1;0;1;0;1;0;0;0;0;1;0;2;1;1;0;1;1;2;0;2;1;0;1;0;0;0;1;0;1;1;1;1;1;0;0;1;0;1;0;1;0;1;0;1;1;0;1;1;1;0;0;1;1;0;0;0;1;1;0;0;1;0;0;0;1;1;1;0;0;0;0;1;3;1;0;0;0;0;1;1;1;0;0;1;0;1;0;0;0;1;0;0;3;2;0;1;1;0;1;0;0;0;1;0;1;1;1;1;0;0;0;0;0;2;1;3;0;1;1;1;0;1;1;0;1;2;0;1;1;0;1;0;0;1
Cigdemli;1;0;0;0;0;1;0;0;0;0;0;0;0;1;0;1;1;0;1;0;0;0;0;0;0;0;1;0;0;0;0;0;0;0;0;0;0;0;0;1;0;1;0;0;0;1;0;1;0;0;0;0;0;0;0;0;0;0;1;0;1;0;0;0;0;0;0;0;0;0;0;0;0;0;0;1;0;0;0;0;0;0;0;1;0;0;0;0;1;0;0;0;0;0;0;0;0;0;0;0;1;0;0;0;0;0;0;0;0;0;0;0;0;0;0;0;0;0;0;0;1;1;0;0;1;0;1;0;0;0;1;0;0;1;0;1;0;0;0;0;0;1;1;1;0;0;0;0;0;0;1;0;0;1;0;0;1;0;0;0;0;1
Tatvan;2;0;0;0;0;1;1;1;0;0;0;1;1;1;1;0;0;1;0;0;0;0;1;0;1;1;2;0;0;1;0;1;1;1;1;0;0;0;1;1;1;0;0;0;1;1;0;1;1;0;0;1;0;0;0;1;0;0;0;0;0;1;0;1;0;0;1;0;0;0;0;1;1;0;0;0;1;0;0;0;0;0;0;1;0;0;0;0;0;0;0;0;1;0;0;0;0;0;0;1;2;1;0;0;0;0;1;0;0;1;0;1;0;0;0;0;0;1;0;0;2;2;0;0;0;0;1;0;0;0;0;0;0;0;1;0;0;1;0;1;0;1;0;2;0;0;1;1;0;1;0;0;0;0;0;0;0;0;1;1;1;1
Samsun;1;0;0;0;0;0;0;0;0;0;0;0;0;0;0;0;0;0;0;0;0;0;0;0;0;0;0;0;0;0;0;0;0;0;0;0;0;0;0;0;0;0;0;0;0;0;0;0;0;0;0;0;0;0;0;0;0;0;0;0;0;0;0;0;0;0;0;0;0;0;0;0;0;0;0;0;0;0;0;0;0;0;0;0;0;0;0;0;0;0;0;0;0;0;0;0;0;0;0;0;0;0;0;0;0;0;0;0;0;0;0;0;0;0;0;0;0;0;0;0;0;0;0;0;0;0;0;0;0;0;0;0;0;0;0;0;0;0;0;0;0;0;0;1;0;0;0;0;0;0;0;0;0;0;0;0;0;0;0;0;0;0
Omerli;1;1;0;0;1;0;0;1;0;0;0;0;0;1;0;0;0;0;0;0;0;0;0;0;1;0;0;0;0;0;1;0;0;0;0;0;1;0;1;0;0;0;1;0;0;1;0;0;0;1;0;0;0;1;0;0;0;0;1;0;0;0;1;0;1;0;0;0;1;0;1;0;1;0;0;0;0;1;1;0;0;1;1;0;0;0;0;0;0;1;1;1;0;0;0;1;0;0;0;0;1;0;0;1;0;1;0;0;0;0;1;0;0;0;0;1;0;0;1;1;1;0;1;1;0;1;1;1;1;1;0;0;0;0;0;0;0;0;0;0;0;0;0;1;1;0;0;0;1;1;1;1;0;0;1;0;0;0;0;1;1;0
Yenikoy;1;0;0;0;0;1;0;0;0;0;0;0;0;1;0;1;1;0;1;0;0;0;0;0;0;0;1;0;0;0;0;0;0;0;0;0;0;0;0;1;0;1;0;0;0;1;0;1;0;0;0;0;0;0;0;0;0;0;1;0;1;0;0;0;0;0;0;0;0;0;0;0;0;0;0;1;0;0;0;0;0;0;0;1;1;0;0;0;0;0;0;0;0;0;0;0;0;0;0;0;1;0;0;0;0;0;0;0;0;0;0;0;0;0;0;0;0;0;0;0;1;1;0;0;1;0;1;0;0;0;1;0;0;1;0;1;0;0;0;0;0;1;1;1;0;0;0;0;0;0;1;0;0;1;0;0;1;0;0;0;0;1
Tokat;1;1;0;0;1;0;0;1;0;0;0;0;0;1;0;0;0;0;0;0;0;0;0;0;1;0;0;0;0;0;1;0;0;0;0;0;1;0;1;0;0;0;1;0;0;1;0;0;0;1;0;0;0;1;0;0;0;0;1;0;0;0;1;0;1;0;0;0;1;0;1;0;1;0;0;0;0;1;1;0;0;1;1;0;0;0;0;1;0;0;1;1;0;0;0;1;0;0;0;0;1;0;0;1;0;1;0;0;0;0;1;0;0;0;0;1;0;0;1;1;1;0;1;1;0;1;1;1;1;1;0;0;0;0;0;0;0;0;0;0;0;0;0;1;1;0;0;0;1;1;1;1;0;0;1;0;0;0;0;1;1;0
Dazya;1;1;0;0;1;0;0;1;0;0;0;0;0;1;0;0;0;0;0;0;0;0;0;0;1;0;0;0;0;0;1;0;0;0;0;0;1;0;1;0;0;0;1;0;0;1;0;0;0;1;0;0;0;1;0;0;0;0;1;0;0;0;1;0;1;0;0;0;1;0;1;0;1;0;0;0;0;1;1;0;0;1;1;0;0;0;0;1;0;1;0;1;0;0;0;1;0;0;0;0;1;0;0;1;0;1;0;0;0;0;1;0;0;0;0;1;0;0;1;1;1;0;1;1;0;1;1;1;1;1;0;0;0;0;0;0;0;0;0;0;0;0;0;1;1;0;0;0;1;1;1;1;0;0;1;0;0;0;0;1;1;0
Hozat district;1;1;0;0;1;0;0;1;0;0;0;0;0;1;0;0;0;0;0;0;0;0;0;0;1;0;0;0;0;0;1;0;0;0;0;0;1;0;1;0;0;0;1;0;0;1;0;0;0;1;0;0;0;1;0;0;0;0;1;0;0;0;1;0;1;0;0;0;1;0;1;0;1;0;0;0;0;1;1;0;0;1;1;0;0;0;0;1;0;1;1;0;0;0;0;1;0;0;0;0;1;0;0;1;0;1;0;0;0;0;1;0;0;0;0;1;0;0;1;1;1;0;1;1;0;1;1;1;1;1;0;0;0;0;0;0;0;0;0;0;0;0;0;1;1;0;0;0;1;1;1;1;0;0;1;0;0;0;0;1;1;0
Silvan;1;0;0;0;0;1;0;1;0;0;0;1;0;0;0;0;0;1;0;0;0;0;0;0;0;1;1;0;0;0;0;0;1;0;0;0;0;0;0;0;1;0;0;0;1;0;0;1;1;0;0;0;0;0;0;0;0;0;0;0;0;0;0;1;0;0;0;0;0;0;0;1;1;0;0;0;1;0;0;0;0;0;0;1;0;1;0;0;0;0;0;0;0;0;0;0;0;0;0;1;1;1;0;0;0;0;1;0;0;0;0;1;0;0;0;0;0;1;0;0;1;1;0;0;0;0;0;0;0;0;0;0;0;0;1;0;0;0;0;0;0;1;0;1;0;0;1;1;0;1;0;0;0;0;0;0;0;0;1;0;0;0
Marmaris;2;0;1;0;0;0;0;0;1;0;1;0;0;1;0;0;0;0;0;0;1;1;0;1;0;0;1;1;1;0;1;0;0;0;0;0;0;1;0;1;0;0;0;1;0;1;1;0;0;0;1;0;0;0;1;0;1;1;0;1;0;0;0;0;0;2;0;1;0;1;0;0;1;1;1;0;0;0;0;2;1;0;0;1;0;0;0;0;0;0;0;0;0;0;1;0;0;1;1;0;2;0;1;0;0;0;0;1;1;0;0;0;0;1;1;0;1;0;0;0;2;0;0;1;0;0;0;1;0;0;0;0;1;0;0;0;1;0;1;0;1;0;0;1;0;1;0;0;0;0;0;0;1;1;0;1;0;0;0;0;0;0
Hizan district;1;0;1;0;0;0;0;0;1;0;0;0;0;1;0;0;0;0;0;0;1;1;0;0;0;0;1;0;1;0;1;0;0;0;0;0;0;1;0;1;0;0;0;1;0;1;0;0;0;0;1;0;0;0;1;0;1;1;0;1;0;0;0;0;0;1;0;1;0;1;0;0;0;0;1;0;0;0;0;1;1;0;0;1;0;0;0;0;0;0;0;0;0;1;0;0;0;0;0;0;1;0;0;0;0;0;0;1;1;0;0;0;0;1;0;0;0;0;0;0;1;0;0;1;0;0;0;0;0;0;0;0;1;0;0;0;0;0;0;0;0;0;0;1;0;1;0;0;0;0;0;0;1;1;0;1;0;0;0;0;0;0
Nazimiye district;1;1;0;0;1;0;0;1;0;0;0;0;0;1;0;0;0;0;0;0;0;0;0;0;1;0;0;0;0;0;1;0;0;0;0;0;1;0;1;0;0;0;1;0;0;1;0;0;0;1;0;0;0;1;0;0;0;0;1;0;0;0;1;0;1;0;0;0;1;0;1;0;1;0;0;0;0;1;1;0;0;1;1;0;0;0;0;1;0;1;1;1;0;0;0;0;0;0;0;0;1;0;0;1;0;1;0;0;0;0;1;0;0;0;0;1;0;0;1;1;1;0;1;1;0;1;1;1;1;1;0;0;0;0;0;0;0;0;0;0;0;0;0;1;1;0;0;0;1;1;1;1;0;0;1;0;0;0;0;1;1;0
Aritis;1;0;0;0;0;0;0;0;0;1;0;0;0;0;0;0;0;0;0;0;0;0;0;0;0;0;0;0;0;0;0;0;0;0;0;0;0;0;0;0;0;0;0;0;0;0;0;0;0;0;0;0;0;0;0;0;0;0;0;0;0;0;0;0;0;0;0;0;0;0;0;0;0;0;0;0;0;0;0;0;0;0;0;0;0;0;0;0;0;0;0;0;0;0;0;0;0;0;0;0;1;0;0;0;0;0;0;0;0;0;0;0;0;0;0;0;0;0;0;0;0;0;0;0;0;0;1;0;0;0;0;0;0;0;0;0;0;1;0;0;0;0;0;1;0;0;0;0;0;0;0;0;0;0;0;0;0;1;0;0;0;0
Bakacak;1;0;0;0;0;0;0;0;0;0;1;0;0;0;0;0;0;0;0;0;0;0;0;1;0;0;0;1;0;0;0;0;0;0;0;0;0;0;0;0;0;0;0;0;0;0;1;0;0;0;0;0;0;0;0;0;0;0;0;0;0;0;0;0;0;1;0;0;0;0;0;0;1;1;0;0;0;0;0;1;0;0;0;0;0;0;0;0;0;0;0;0;0;1;0;0;0;0;1;0;1;0;1;0;0;0;0;0;0;0;0;0;0;0;1;0;1;0;0;0;1;0;0;0;0;0;0;1;0;0;0;0;0;0;0;0;1;0;1;0;1;0;0;0;0;0;0;0;0;0;0;0;0;0;0;0;0;0;0;0;0;0
Egirmec;1;0;0;0;0;0;0;0;0;0;1;0;0;0;0;0;0;0;0;0;0;0;0;1;0;0;0;1;0;0;0;0;0;0;0;0;0;0;0;0;0;0;0;0;0;0;1;0;0;0;0;0;0;0;0;0;0;0;0;0;0;0;0;0;0;1;0;0;0;0;0;0;1;1;0;0;0;0;0;1;0;0;0;0;0;0;0;0;0;0;0;0;0;1;0;0;0;1;0;0;1;0;1;0;0;0;0;0;0;0;0;0;0;0;1;0;1;0;0;0;1;0;0;0;0;0;0;1;0;0;0;0;0;0;0;0;1;0;1;0;1;0;0;0;0;0;0;0;0;0;0;0;0;0;0;0;0;0;0;0;0;0
Antakya;1;0;0;0;0;1;0;1;0;0;0;1;0;0;0;0;0;1;0;0;0;0;0;0;0;1;1;0;0;0;0;0;1;0;0;0;0;0;0;0;1;0;0;0;1;0;0;1;1;0;0;0;0;0;0;0;0;0;0;0;0;0;0;1;0;0;0;0;0;0;0;1;1;0;0;0;1;0;0;0;0;0;0;1;0;1;0;0;0;0;0;0;1;0;0;0;0;0;0;0;1;1;0;0;0;0;1;0;0;0;0;1;0;0;0;0;0;1;0;0;1;1;0;0;0;0;0;0;0;0;0;0;0;0;1;0;0;0;0;0;0;1;0;1;0;0;1;1;0;1;0;0;0;0;0;0;0;0;1;0;0;0
Diyarbakir;7;1;1;0;1;2;1;2;1;1;1;1;1;4;1;1;1;1;1;0;1;1;1;1;2;1;4;1;1;1;2;1;1;1;1;0;1;1;2;3;1;1;1;1;1;4;1;2;1;1;1;1;0;1;1;1;1;1;2;1;1;1;1;1;1;2;1;1;1;1;1;1;3;1;1;1;1;1;1;2;1;1;1;3;1;2;0;1;1;1;1;1;1;2;1;1;1;1;1;1;0;1;1;1;0;1;1;1;1;1;1;1;0;1;1;1;1;1;1;1;6;3;1;2;1;1;4;2;1;1;1;0;1;1;1;1;1;2;1;1;1;2;1;6;1;1;1;1;1;2;2;1;1;2;1;1;1;1;1;2;2;2
Elazig;1;0;0;0;0;1;0;1;0;0;0;1;0;0;0;0;0;1;0;0;0;0;0;0;0;1;1;0;0;0;0;0;1;0;0;0;0;0;0;0;1;0;0;0;1;0;0;1;1;0;0;0;0;0;0;0;0;0;0;0;0;0;0;1;0;0;0;0;0;0;0;1;1;0;0;0;1;0;0;0;0;0;0;1;0;1;0;0;0;0;0;0;1;0;0;0;0;0;0;1;1;0;0;0;0;0;1;0;0;0;0;1;0;0;0;0;0;1;0;0;1;1;0;0;0;0;0;0;0;0;0;0;0;0;1;0;0;0;0;0;0;1;0;1;0;0;1;1;0;1;0;0;0;0;0;0;0;0;1;0;0;0
Izmit;1;0;0;0;0;0;0;0;0;0;1;0;0;0;0;0;0;0;0;0;0;0;0;1;0;0;0;1;0;0;0;0;0;0;0;0;0;0;0;0;0;0;0;0;0;0;1;0;0;0;0;0;0;0;0;0;0;0;0;0;0;0;0;0;0;1;0;0;0;0;0;0;1;1;0;0;0;0;0;1;0;0;0;0;0;0;0;0;0;0;0;0;0;1;0;0;0;1;1;0;1;0;0;0;0;0;0;0;0;0;0;0;0;0;1;0;1;0;0;0;1;0;0;0;0;0;0;1;0;0;0;0;0;0;0;0;1;0;1;0;1;0;0;0;0;0;0;0;0;0;0;0;0;0;0;0;0;0;0;0;0;0
Malazgirt;1;1;0;0;1;0;0;1;0;0;0;0;0;1;0;0;0;0;0;0;0;0;0;0;1;0;0;0;0;0;1;0;0;0;0;0;1;0;1;0;0;0;1;0;0;1;0;0;0;1;0;0;0;1;0;0;0;0;1;0;0;0;1;0;1;0;0;0;1;0;1;0;1;0;0;0;0;1;1;0;0;1;1;0;0;0;0;1;0;1;1;1;0;0;0;1;0;0;0;0;1;0;0;0;0;1;0;0;0;0;1;0;0;0;0;1;0;0;1;1;1;0;1;1;0;1;1;1;1;1;0;0;0;0;0;0;0;0;0;0;0;0;0;1;1;0;0;0;1;1;1;1;0;0;1;0;0;0;0;1;1;0
Magara;1;0;0;0;0;0;0;0;0;0;0;0;0;1;0;0;0;0;0;1;0;0;0;0;0;0;0;0;0;0;0;0;0;0;0;0;0;0;0;0;0;0;0;0;0;0;0;0;0;0;0;0;0;0;0;0;0;0;0;0;0;0;0;0;0;0;0;0;0;0;0;0;1;0;0;0;0;0;0;0;0;0;0;0;0;0;0;0;0;0;0;0;0;0;0;0;0;0;0;0;0;0;0;0;0;0;0;0;0;0;0;0;1;0;0;0;0;0;0;0;0;0;0;0;0;0;0;0;0;0;0;1;0;0;0;0;0;0;0;0;0;0;0;0;0;0;0;0;0;0;0;1;0;0;0;0;0;0;0;0;0;0
Seyhan District;1;1;0;0;1;0;0;1;0;0;0;0;0;1;0;0;0;0;0;0;0;0;0;0;1;0;0;0;0;0;1;0;0;0;0;0;1;0;1;0;0;0;1;0;0;1;0;0;0;1;0;0;0;1;0;0;0;0;1;0;0;0;1;0;1;0;0;0;1;0;1;0;1;0;0;0;0;1;1;0;0;1;1;0;0;0;0;1;0;1;1;1;0;0;0;1;0;0;0;0;1;0;0;1;0;0;0;0;0;0;1;0;0;0;0;1;0;0;1;1;1;0;1;1;0;1;1;1;1;1;0;0;0;0;0;0;0;0;0;0;0;0;0;1;1;0;0;0;1;1;1;1;0;0;1;0;0;0;0;1;1;0
Kozluk;1;0;0;0;0;1;0;1;0;0;0;1;0;0;0;0;0;1;0;0;0;0;0;0;0;1;1;0;0;0;0;0;1;0;0;0;0;0;0;0;1;0;0;0;1;0;0;1;1;0;0;0;0;0;0;0;0;0;0;0;0;0;0;1;0;0;0;0;0;0;0;1;1;0;0;0;1;0;0;0;0;0;0;1;0;1;0;0;0;0;0;0;1;0;0;0;0;0;0;1;1;1;0;0;0;0;0;0;0;0;0;1;0;0;0;0;0;1;0;0;1;1;0;0;0;0;0;0;0;0;0;0;0;0;1;0;0;0;0;0;0;1;0;1;0;0;1;1;0;1;0;0;0;0;0;0;0;0;1;0;0;0
Derik district;1;0;1;0;0;0;0;0;1;0;0;0;0;1;0;0;0;0;0;0;1;1;0;0;0;0;1;0;1;0;1;0;0;0;0;0;0;1;0;1;0;0;0;1;0;1;0;0;0;0;1;0;0;0;1;0;1;1;0;1;0;0;0;0;0;1;0;1;0;1;0;0;0;0;1;0;0;0;0;1;1;0;0;1;0;0;0;0;0;0;0;0;0;1;1;0;0;0;0;0;1;0;0;0;0;0;0;0;1;0;0;0;0;1;0;0;0;0;0;0;1;0;0;1;0;0;0;0;0;0;0;0;1;0;0;0;0;0;0;0;0;0;0;1;0;1;0;0;0;0;0;0;1;1;0;1;0;0;0;0;0;0
Buca district;1;0;1;0;0;0;0;0;1;0;0;0;0;1;0;0;0;0;0;0;1;1;0;0;0;0;1;0;1;0;1;0;0;0;0;0;0;1;0;1;0;0;0;1;0;1;0;0;0;0;1;0;0;0;1;0;1;1;0;1;0;0;0;0;0;1;0;1;0;1;0;0;0;0;1;0;0;0;0;1;1;0;0;1;0;0;0;0;0;0;0;0;0;1;1;0;0;0;0;0;1;0;0;0;0;0;0;1;0;0;0;0;0;1;0;0;0;0;0;0;1;0;0;1;0;0;0;0;0;0;0;0;1;0;0;0;0;0;0;0;0;0;0;1;0;1;0;0;0;0;0;0;1;1;0;1;0;0;0;0;0;0
Kulp district;1;0;0;0;0;0;1;0;0;0;0;0;1;1;1;0;0;0;0;0;0;0;1;0;1;0;1;0;0;1;0;1;0;1;1;0;0;0;1;1;0;0;0;0;0;1;0;0;0;0;0;1;0;0;0;1;0;0;0;0;0;1;0;0;0;0;1;0;0;0;0;0;0;0;0;0;0;0;0;0;0;0;0;0;0;1;0;0;0;0;0;0;0;0;0;0;0;0;0;0;1;0;0;0;0;0;0;0;0;0;0;0;0;0;0;0;0;0;0;0;1;1;0;0;0;0;1;0;0;0;0;0;0;0;0;0;0;1;0;1;0;0;0;1;0;0;0;0;0;0;0;0;0;0;0;0;0;0;0;1;1;1
Ziyaret;1;1;0;0;1;0;0;1;0;0;0;0;0;1;0;0;0;0;0;0;0;0;0;0;1;0;0;0;0;0;1;0;0;0;0;0;1;0;1;0;0;0;1;0;0;1;0;0;0;1;0;0;0;1;0;0;0;0;1;0;0;0;1;0;1;0;0;0;1;0;1;0;1;0;0;0;0;1;1;0;0;1;1;0;0;0;0;1;0;1;1;1;0;0;0;1;0;0;0;0;1;0;0;1;0;1;0;0;0;0;0;0;0;0;0;1;0;0;1;1;1;0;1;1;0;1;1;1;1;1;0;0;0;0;0;0;0;0;0;0;0;0;0;1;1;0;0;0;1;1;1;1;0;0;1;0;0;0;0;1;1;0
Resadiye District;1;0;0;0;0;1;0;1;0;0;0;1;0;0;0;0;0;1;0;0;0;0;0;0;0;1;1;0;0;0;0;0;1;0;0;0;0;0;0;0;1;0;0;0;1;0;0;1;1;0;0;0;0;0;0;0;0;0;0;0;0;0;0;1;0;0;0;0;0;0;0;1;1;0;0;0;1;0;0;0;0;0;0;1;0;1;0;0;0;0;0;0;1;0;0;0;0;0;0;1;1;1;0;0;0;0;1;0;0;0;0;0;0;0;0;0;0;1;0;0;1;1;0;0;0;0;0;0;0;0;0;0;0;0;1;0;0;0;0;0;0;1;0;1;0;0;1;1;0;1;0;0;0;0;0;0;0;0;1;0;0;0
Taskoy;1;0;0;0;0;0;0;0;0;0;0;0;0;1;0;0;0;0;0;1;0;0;0;0;0;0;0;0;0;0;0;0;0;0;0;0;0;0;0;0;0;0;0;0;0;0;0;0;0;0;0;0;0;0;0;0;0;0;0;0;0;0;0;0;0;0;0;0;0;0;0;0;1;0;0;0;0;0;0;0;0;0;0;0;0;0;0;0;0;0;0;0;0;0;0;0;0;0;0;0;0;0;0;0;1;0;0;0;0;0;0;0;0;0;0;0;0;0;0;0;0;0;0;0;0;0;0;0;0;0;0;1;0;0;0;0;0;0;0;0;0;0;0;0;0;0;0;0;0;0;0;1;0;0;0;0;0;0;0;0;0;0
Nusaybin district;1;0;1;0;0;0;0;0;1;0;0;0;0;1;0;0;0;0;0;0;1;1;0;0;0;0;1;0;1;0;1;0;0;0;0;0;0;1;0;1;0;0;0;1;0;1;0;0;0;0;1;0;0;0;1;0;1;1;0;1;0;0;0;0;0;1;0;1;0;1;0;0;0;0;1;0;0;0;0;1;1;0;0;1;0;0;0;0;0;0;0;0;0;1;1;0;0;0;0;0;1;0;0;0;0;0;0;1;1;0;0;0;0;0;0;0;0;0;0;0;1;0;0;1;0;0;0;0;0;0;0;0;1;0;0;0;0;0;0;0;0;0;0;1;0;1;0;0;0;0;0;0;1;1;0;1;0;0;0;0;0;0
Sason;1;0;0;0;0;0;0;0;0;0;1;0;0;0;0;0;0;0;0;0;0;0;0;1;0;0;0;1;0;0;0;0;0;0;0;0;0;0;0;0;0;0;0;0;0;0;1;0;0;0;0;0;0;0;0;0;0;0;0;0;0;0;0;0;0;1;0;0;0;0;0;0;1;1;0;0;0;0;0;1;0;0;0;0;0;0;0;0;0;0;0;0;0;1;0;0;0;1;1;0;1;0;1;0;0;0;0;0;0;0;0;0;0;0;0;0;1;0;0;0;1;0;0;0;0;0;0;1;0;0;0;0;0;0;0;0;1;0;1;0;1;0;0;0;0;0;0;0;0;0;0;0;0;0;0;0;0;0;0;0;0;0
Guclukonak District;1;1;0;0;1;0;0;1;0;0;0;0;0;1;0;0;0;0;0;0;0;0;0;0;1;0;0;0;0;0;1;0;0;0;0;0;1;0;1;0;0;0;1;0;0;1;0;0;0;1;0;0;0;1;0;0;0;0;1;0;0;0;1;0;1;0;0;0;1;0;1;0;1;0;0;0;0;1;1;0;0;1;1;0;0;0;0;1;0;1;1;1;0;0;0;1;0;0;0;0;1;0;0;1;0;1;0;0;0;0;1;0;0;0;0;0;0;0;1;1;1;0;1;1;0;1;1;1;1;1;0;0;0;0;0;0;0;0;0;0;0;0;0;1;1;0;0;0;1;1;1;1;0;0;1;0;0;0;0;1;1;0
Ercis;1;0;0;0;0;0;0;0;0;0;1;0;0;0;0;0;0;0;0;0;0;0;0;1;0;0;0;1;0;0;0;0;0;0;0;0;0;0;0;0;0;0;0;0;0;0;1;0;0;0;0;0;0;0;0;0;0;0;0;0;0;0;0;0;0;1;0;0;0;0;0;0;1;1;0;0;0;0;0;1;0;0;0;0;0;0;0;0;0;0;0;0;0;1;0;0;0;1;1;0;1;0;1;0;0;0;0;0;0;0;0;0;0;0;1;0;0;0;0;0;1;0;0;0;0;0;0;1;0;0;0;0;0;0;0;0;1;0;1;0;1;0;0;0;0;0;0;0;0;0;0;0;0;0;0;0;0;0;0;0;0;0
Karliova;1;0;0;0;0;1;0;1;0;0;0;1;0;0;0;0;0;1;0;0;0;0;0;0;0;1;1;0;0;0;0;0;1;0;0;0;0;0;0;0;1;0;0;0;1;0;0;1;1;0;0;0;0;0;0;0;0;0;0;0;0;0;0;1;0;0;0;0;0;0;0;1;1;0;0;0;1;0;0;0;0;0;0;1;0;1;0;0;0;0;0;0;1;0;0;0;0;0;0;1;1;1;0;0;0;0;1;0;0;0;0;1;0;0;0;0;0;0;0;0;1;1;0;0;0;0;0;0;0;0;0;0;0;0;1;0;0;0;0;0;0;1;0;1;0;0;1;1;0;1;0;0;0;0;0;0;0;0;1;0;0;0
Genc district;1;1;0;0;1;0;0;1;0;0;0;0;0;1;0;0;0;0;0;0;0;0;0;0;1;0;0;0;0;0;1;0;0;0;0;0;1;0;1;0;0;0;1;0;0;1;0;0;0;1;0;0;0;1;0;0;0;0;1;0;0;0;1;0;1;0;0;0;1;0;1;0;1;0;0;0;0;1;1;0;0;1;1;0;0;0;0;1;0;1;1;1;0;0;0;1;0;0;0;0;1;0;0;1;0;1;0;0;0;0;1;0;0;0;0;1;0;0;0;1;1;0;1;1;0;1;1;1;1;1;0;0;0;0;0;0;0;0;0;0;0;0;0;1;1;0;0;0;1;1;1;1;0;0;1;0;0;0;0;1;1;0
Kigi;1;1;0;0;1;0;0;1;0;0;0;0;0;1;0;0;0;0;0;0;0;0;0;0;1;0;0;0;0;0;1;0;0;0;0;0;1;0;1;0;0;0;1;0;0;1;0;0;0;1;0;0;0;1;0;0;0;0;1;0;0;0;1;0;1;0;0;0;1;0;1;0;1;0;0;0;0;1;1;0;0;1;1;0;0;0;0;1;0;1;1;1;0;0;0;1;0;0;0;0;1;0;0;1;0;1;0;0;0;0;1;0;0;0;0;1;0;0;1;0;1;0;1;1;0;1;1;1;1;1;0;0;0;0;0;0;0;0;0;0;0;0;0;1;1;0;0;0;1;1;1;1;0;0;1;0;0;0;0;1;1;0
Semdinli;6;1;1;0;1;2;1;2;1;0;1;1;1;4;1;1;1;1;1;0;1;1;1;1;2;1;4;1;1;1;2;1;1;1;1;0;1;1;2;3;1;1;1;1;1;4;1;2;1;1;1;1;0;1;1;1;1;1;2;1;1;1;1;1;1;2;1;1;1;1;1;1;3;1;1;1;1;1;1;2;1;1;1;3;1;2;0;1;1;1;1;1;1;2;1;1;0;1;1;1;6;1;1;1;0;1;1;1;1;1;1;1;0;1;1;1;1;1;1;1;0;3;1;2;1;1;3;2;1;1;1;0;1;1;1;1;1;1;1;1;1;2;1;5;1;1;1;1;1;2;2;1;1;2;1;1;1;0;1;2;2;2
Adana;3;0;0;0;0;2;1;1;0;0;0;1;1;2;1;1;1;1;1;0;0;0;1;0;1;1;3;0;0;1;0;1;1;1;1;0;0;0;1;2;1;1;0;0;1;2;0;2;1;0;0;1;0;0;0;1;0;0;1;0;1;1;0;1;0;0;1;0;0;0;0;1;1;0;0;1;1;0;0;0;0;0;0;2;1;2;0;0;1;0;0;0;1;0;0;0;0;0;0;1;3;1;0;0;0;0;1;0;0;1;0;1;0;0;0;0;0;1;0;0;3;0;0;0;1;0;2;0;0;0;1;0;0;1;1;1;0;1;0;1;0;2;1;3;0;0;1;1;0;1;1;0;0;1;0;0;1;0;1;1;1;2
Karakocan district;1;1;0;0;1;0;0;1;0;0;0;0;0;1;0;0;0;0;0;0;0;0;0;0;1;0;0;0;0;0;1;0;0;0;0;0;1;0;1;0;0;0;1;0;0;1;0;0;0;1;0;0;0;1;0;0;0;0;1;0;0;0;1;0;1;0;0;0;1;0;1;0;1;0;0;0;0;1;1;0;0;1;1;0;0;0;0;1;0;1;1;1;0;0;0;1;0;0;0;0;1;0;0;1;0;1;0;0;0;0;1;0;0;0;0;1;0;0;1;1;1;0;0;1;0;1;1;1;1;1;0;0;0;0;0;0;0;0;0;0;0;0;0;1;1;0;0;0;1;1;1;1;0;0;1;0;0;0;0;1;1;0
Hani;2;1;1;0;1;0;0;1;1;0;0;0;0;2;0;0;0;0;0;0;1;1;0;0;1;0;1;0;1;0;2;0;0;0;0;0;1;1;1;1;0;0;1;1;0;2;0;0;0;1;1;0;0;1;1;0;1;1;1;1;0;0;1;0;1;1;0;1;1;1;1;0;1;0;1;0;0;1;1;1;1;1;1;1;0;0;0;1;0;1;1;1;0;1;1;1;0;0;0;0;2;0;0;1;0;1;0;1;1;0;1;0;0;1;0;1;0;0;1;1;2;0;1;0;0;1;1;1;1;1;0;0;1;0;0;0;0;0;0;0;0;0;0;2;1;1;0;0;1;1;1;1;1;1;1;1;0;0;0;1;1;0
Ozalp;1;0;0;0;0;1;0;0;0;0;0;0;0;1;0;1;1;0;1;0;0;0;0;0;0;0;1;0;0;0;0;0;0;0;0;0;0;0;0;1;0;1;0;0;0;1;0;1;0;0;0;0;0;0;0;0;0;0;1;0;1;0;0;0;0;0;0;0;0;0;0;0;0;0;0;1;0;0;0;0;0;0;0;1;1;0;0;0;1;0;0;0;0;0;0;0;0;0;0;0;1;0;0;0;0;0;0;0;0;0;0;0;0;0;0;0;0;0;0;0;1;1;0;0;0;0;1;0;0;0;1;0;0;1;0;1;0;0;0;0;0;1;1;1;0;0;0;0;0;0;1;0;0;1;0;0;1;0;0;0;0;1
Saray;1;1;0;0;1;0;0;1;0;0;0;0;0;1;0;0;0;0;0;0;0;0;0;0;1;0;0;0;0;0;1;0;0;0;0;0;1;0;1;0;0;0;1;0;0;1;0;0;0;1;0;0;0;1;0;0;0;0;1;0;0;0;1;0;1;0;0;0;1;0;1;0;1;0;0;0;0;1;1;0;0;1;1;0;0;0;0;1;0;1;1;1;0;0;0;1;0;0;0;0;1;0;0;1;0;1;0;0;0;0;1;0;0;0;0;1;0;0;1;1;1;0;1;1;0;0;1;1;1;1;0;0;0;0;0;0;0;0;0;0;0;0;0;1;1;0;0;0;1;1;1;1;0;0;1;0;0;0;0;1;1;0
Yuksekova district;4;1;0;0;1;1;1;1;0;1;0;0;1;3;1;1;1;0;1;0;0;0;1;0;2;0;2;0;0;1;1;1;0;1;1;0;1;0;2;2;0;1;1;0;0;3;0;1;0;1;0;1;0;1;0;1;0;0;2;0;1;1;1;0;1;0;1;0;1;0;1;0;1;0;0;1;0;1;1;0;0;1;1;1;1;1;0;1;1;1;1;1;0;0;0;1;1;0;0;0;4;0;0;1;0;1;0;0;0;1;1;0;0;0;0;1;0;0;1;1;3;2;1;1;1;1;0;1;1;1;1;0;0;1;0;1;0;2;0;1;0;1;1;4;1;0;0;0;1;1;2;1;0;1;1;0;1;1;0;2;2;2
Genc;2;1;0;0;1;0;0;1;0;0;1;0;0;1;0;0;0;0;0;0;0;0;0;1;1;0;0;1;0;0;1;0;0;0;0;0;1;0;1;0;0;0;1;0;0;1;1;0;0;1;0;0;0;1;0;0;0;0;1;0;0;0;1;0;1;1;0;0;1;0;1;0;2;1;0;0;0;1;1;1;0;1;1;0;0;0;0;1;0;1;1;1;0;1;0;1;0;1;1;0;2;0;1;1;0;1;0;0;0;0;1;0;0;0;1;1;1;0;1;1;2;0;1;1;0;1;1;0;1;1;0;0;0;0;0;0;1;0;1;0;1;0;0;1;1;0;0;0;1;1;1;1;0;0;1;0;0;0;0;1;1;0
Cukurca district;1;1;0;0;1;0;0;1;0;0;0;0;0;1;0;0;0;0;0;0;0;0;0;0;1;0;0;0;0;0;1;0;0;0;0;0;1;0;1;0;0;0;1;0;0;1;0;0;0;1;0;0;0;1;0;0;0;0;1;0;0;0;1;0;1;0;0;0;1;0;1;0;1;0;0;0;0;1;1;0;0;1;1;0;0;0;0;1;0;1;1;1;0;0;0;1;0;0;0;0;1;0;0;1;0;1;0;0;0;0;1;0;0;0;0;1;0;0;1;1;1;0;1;1;0;1;1;1;0;1;0;0;0;0;0;0;0;0;0;0;0;0;0;1;1;0;0;0;1;1;1;1;0;0;1;0;0;0;0;1;1;0
Diyadin;1;1;0;0;1;0;0;1;0;0;0;0;0;1;0;0;0;0;0;0;0;0;0;0;1;0;0;0;0;0;1;0;0;0;0;0;1;0;1;0;0;0;1;0;0;1;0;0;0;1;0;0;0;1;0;0;0;0;1;0;0;0;1;0;1;0;0;0;1;0;1;0;1;0;0;0;0;1;1;0;0;1;1;0;0;0;0;1;0;1;1;1;0;0;0;1;0;0;0;0;1;0;0;1;0;1;0;0;0;0;1;0;0;0;0;1;0;0;1;1;1;0;1;1;0;1;1;1;1;0;0;0;0;0;0;0;0;0;0;0;0;0;0;1;1;0;0;0;1;1;1;1;0;0;1;0;0;0;0;1;1;0
Mesepinar;1;0;0;0;0;1;0;0;0;0;0;0;0;1;0;1;1;0;1;0;0;0;0;0;0;0;1;0;0;0;0;0;0;0;0;0;0;0;0;1;0;1;0;0;0;1;0;1;0;0;0;0;0;0;0;0;0;0;1;0;1;0;0;0;0;0;0;0;0;0;0;0;0;0;0;1;0;0;0;0;0;0;0;1;1;0;0;0;1;0;0;0;0;0;0;0;0;0;0;0;1;0;0;0;0;0;0;0;0;0;0;0;0;0;0;0;0;0;0;0;1;1;0;0;1;0;1;0;0;0;0;0;0;1;0;1;0;0;0;0;0;1;1;1;0;0;0;0;0;0;1;0;0;1;0;0;1;0;0;0;0;1
Gecitalan;1;0;0;0;0;0;0;0;0;0;0;0;0;1;0;0;0;0;0;1;0;0;0;0;0;0;0;0;0;0;0;0;0;0;0;0;0;0;0;0;0;0;0;0;0;0;0;0;0;0;0;0;0;0;0;0;0;0;0;0;0;0;0;0;0;0;0;0;0;0;0;0;1;0;0;0;0;0;0;0;0;0;0;0;0;0;0;0;0;0;0;0;0;0;0;0;0;0;0;0;0;0;0;0;1;0;0;0;0;0;0;0;1;0;0;0;0;0;0;0;0;0;0;0;0;0;0;0;0;0;0;0;0;0;0;0;0;0;0;0;0;0;0;0;0;0;0;0;0;0;0;1;0;0;0;0;0;0;0;0;0;0
Konya;1;0;1;0;0;0;0;0;1;0;0;0;0;1;0;0;0;0;0;0;1;1;0;0;0;0;1;0;1;0;1;0;0;0;0;0;0;1;0;1;0;0;0;1;0;1;0;0;0;0;1;0;0;0;1;0;1;1;0;1;0;0;0;0;0;1;0;1;0;1;0;0;0;0;1;0;0;0;0;1;1;0;0;1;0;0;0;0;0;0;0;0;0;1;1;0;0;0;0;0;1;0;0;0;0;0;0;1;1;0;0;0;0;1;0;0;0;0;0;0;1;0;0;1;0;0;0;0;0;0;0;0;0;0;0;0;0;0;0;0;0;0;0;1;0;1;0;0;0;0;0;0;1;1;0;1;0;0;0;0;0;0
Akdana;1;0;0;0;0;1;0;0;0;0;0;0;0;1;0;1;1;0;1;0;0;0;0;0;0;0;1;0;0;0;0;0;0;0;0;0;0;0;0;1;0;1;0;0;0;1;0;1;0;0;0;0;0;0;0;0;0;0;1;0;1;0;0;0;0;0;0;0;0;0;0;0;0;0;0;1;0;0;0;0;0;0;0;1;1;0;0;0;1;0;0;0;0;0;0;0;0;0;0;0;1;0;0;0;0;0;0;0;0;0;0;0;0;0;0;0;0;0;0;0;1;1;0;0;1;0;1;0;0;0;1;0;0;0;0;1;0;0;0;0;0;1;1;1;0;0;0;0;0;0;1;0;0;1;0;0;1;0;0;0;0;1
Celtiksuyu;1;0;0;0;0;1;0;1;0;0;0;1;0;0;0;0;0;1;0;0;0;0;0;0;0;1;1;0;0;0;0;0;1;0;0;0;0;0;0;0;1;0;0;0;1;0;0;1;1;0;0;0;0;0;0;0;0;0;0;0;0;0;0;1;0;0;0;0;0;0;0;1;1;0;0;0;1;0;0;0;0;0;0;1;0;1;0;0;0;0;0;0;1;0;0;0;0;0;0;1;1;1;0;0;0;0;1;0;0;0;0;1;0;0;0;0;0;1;0;0;1;1;0;0;0;0;0;0;0;0;0;0;0;0;0;0;0;0;0;0;0;1;0;1;0;0;1;1;0;1;0;0;0;0;0;0;0;0;1;0;0;0
Suruc;1;0;0;0;0;1;0;0;0;0;0;0;0;1;0;1;1;0;1;0;0;0;0;0;0;0;1;0;0;0;0;0;0;0;0;0;0;0;0;1;0;1;0;0;0;1;0;1;0;0;0;0;0;0;0;0;0;0;1;0;1;0;0;0;0;0;0;0;0;0;0;0;0;0;0;1;0;0;0;0;0;0;0;1;1;0;0;0;1;0;0;0;0;0;0;0;0;0;0;0;1;0;0;0;0;0;0;0;0;0;0;0;0;0;0;0;0;0;0;0;1;1;0;0;1;0;1;0;0;0;1;0;0;1;0;0;0;0;0;0;0;1;1;1;0;0;0;0;0;0;1;0;0;1;0;0;1;0;0;0;0;1
Islahiye district;1;0;0;0;0;0;0;0;0;0;1;0;0;0;0;0;0;0;0;0;0;0;0;1;0;0;0;1;0;0;0;0;0;0;0;0;0;0;0;0;0;0;0;0;0;0;1;0;0;0;0;0;0;0;0;0;0;0;0;0;0;0;0;0;0;1;0;0;0;0;0;0;1;1;0;0;0;0;0;1;0;0;0;0;0;0;0;0;0;0;0;0;0;1;0;0;0;1;1;0;1;0;1;0;0;0;0;0;0;0;0;0;0;0;1;0;1;0;0;0;1;0;0;0;0;0;0;1;0;0;0;0;0;0;0;0;0;0;1;0;1;0;0;0;0;0;0;0;0;0;0;0;0;0;0;0;0;0;0;0;0;0
Cizre;2;0;0;0;0;0;1;0;0;1;0;0;1;1;1;0;0;0;0;0;0;0;1;0;1;0;1;0;0;1;0;1;0;1;1;0;0;0;1;1;0;0;0;0;0;1;0;0;0;0;0;1;0;0;0;1;0;0;0;0;0;1;0;0;0;0;1;0;0;0;0;0;0;0;0;0;0;0;0;0;0;0;0;0;0;1;0;0;0;0;0;0;0;0;0;0;1;0;0;0;2;0;0;0;0;0;0;0;0;1;0;0;0;0;0;0;0;0;0;0;1;1;0;0;0;0;2;0;0;0;0;0;0;0;0;0;0;0;0;1;0;0;0;2;0;0;0;0;0;0;0;0;0;0;0;0;0;1;0;1;1;1
Erzincan;1;0;0;0;0;0;0;0;0;0;1;0;0;0;0;0;0;0;0;0;0;0;0;1;0;0;0;1;0;0;0;0;0;0;0;0;0;0;0;0;0;0;0;0;0;0;1;0;0;0;0;0;0;0;0;0;0;0;0;0;0;0;0;0;0;1;0;0;0;0;0;0;1;1;0;0;0;0;0;1;0;0;0;0;0;0;0;0;0;0;0;0;0;1;0;0;0;1;1;0;1;0;1;0;0;0;0;0;0;0;0;0;0;0;1;0;1;0;0;0;1;0;0;0;0;0;0;1;0;0;0;0;0;0;0;0;1;0;0;0;1;0;0;0;0;0;0;0;0;0;0;0;0;0;0;0;0;0;0;0;0;0
Cinar;1;0;0;0;0;0;1;0;0;0;0;0;1;1;1;0;0;0;0;0;0;0;1;0;1;0;1;0;0;1;0;1;0;1;1;0;0;0;1;1;0;0;0;0;0;1;0;0;0;0;0;1;0;0;0;1;0;0;0;0;0;1;0;0;0;0;1;0;0;0;0;0;0;0;0;0;0;0;0;0;0;0;0;0;0;1;0;0;0;0;0;0;0;0;0;0;0;0;0;0;1;0;0;0;0;0;0;0;0;1;0;0;0;0;0;0;0;0;0;0;1;1;0;0;0;0;1;0;0;0;0;0;0;0;0;0;0;1;0;0;0;0;0;1;0;0;0;0;0;0;0;0;0;0;0;0;0;0;0;1;1;1
Gecitli;1;0;0;0;0;0;0;0;0;0;1;0;0;0;0;0;0;0;0;0;0;0;0;1;0;0;0;1;0;0;0;0;0;0;0;0;0;0;0;0;0;0;0;0;0;0;1;0;0;0;0;0;0;0;0;0;0;0;0;0;0;0;0;0;0;1;0;0;0;0;0;0;1;1;0;0;0;0;0;1;0;0;0;0;0;0;0;0;0;0;0;0;0;1;0;0;0;1;1;0;1;0;1;0;0;0;0;0;0;0;0;0;0;0;1;0;1;0;0;0;1;0;0;0;0;0;0;1;0;0;0;0;0;0;0;0;1;0;1;0;0;0;0;0;0;0;0;0;0;0;0;0;0;0;0;0;0;0;0;0;0;0
Antalya;3;0;0;0;0;2;0;1;0;0;0;1;0;1;0;1;1;1;1;0;0;0;0;0;0;1;2;0;0;0;0;0;1;0;0;0;0;0;0;1;1;1;0;0;1;1;0;2;1;0;0;0;0;0;0;0;0;0;1;0;1;0;0;1;0;0;0;0;0;0;0;1;1;0;0;1;1;0;0;0;0;0;0;2;1;1;0;0;1;0;0;0;1;0;0;0;0;0;0;1;2;1;0;0;0;0;1;0;0;0;0;1;0;0;0;0;0;1;0;0;2;2;0;0;1;0;1;0;0;0;1;0;0;1;1;1;0;0;0;0;0;0;1;3;0;0;1;1;0;1;1;0;0;1;0;0;1;0;1;0;0;1
Ogulveren;1;0;0;0;0;1;0;0;0;0;0;0;0;1;0;1;1;0;1;0;0;0;0;0;0;0;1;0;0;0;0;0;0;0;0;0;0;0;0;1;0;1;0;0;0;1;0;1;0;0;0;0;0;0;0;0;0;0;1;0;1;0;0;0;0;0;0;0;0;0;0;0;0;0;0;1;0;0;0;0;0;0;0;1;1;0;0;0;1;0;0;0;0;0;0;0;0;0;0;0;1;0;0;0;0;0;0;0;0;0;0;0;0;0;0;0;0;0;0;0;1;1;0;0;1;0;1;0;0;0;1;0;0;1;0;1;0;0;0;0;0;1;0;1;0;0;0;0;0;0;1;0;0;1;0;0;1;0;0;0;0;1
Ankara;10;1;1;1;1;2;1;2;1;1;0;1;1;4;1;1;1;1;1;0;1;1;1;0;2;1;4;0;1;1;2;1;1;1;1;0;1;1;2;3;1;1;1;1;1;4;0;2;1;1;2;1;0;1;1;1;2;1;2;1;1;1;1;1;1;1;1;1;1;1;1;1;2;0;1;1;1;1;1;1;1;1;1;3;1;2;1;1;1;1;1;1;1;1;1;1;1;0;0;1;6;1;0;1;0;1;1;1;1;1;1;1;0;1;0;1;0;1;1;1;5;3;1;2;1;1;4;1;1;1;1;0;1;1;1;1;0;2;0;1;0;3;1;0;1;1;1;1;1;2;2;1;1;2;1;1;1;1;1;2;2;2
Caldiran district;1;1;0;0;1;0;0;1;0;0;0;0;0;1;0;0;0;0;0;0;0;0;0;0;1;0;0;0;0;0;1;0;0;0;0;0;1;0;1;0;0;0;1;0;0;1;0;0;0;1;0;0;0;1;0;0;0;0;1;0;0;0;1;0;1;0;0;0;1;0;1;0;1;0;0;0;0;1;1;0;0;1;1;0;0;0;0;1;0;1;1;1;0;0;0;1;0;0;0;0;1;0;0;1;0;1;0;0;0;0;1;0;0;0;0;1;0;0;1;1;1;0;1;1;0;1;1;1;1;1;0;0;0;0;0;0;0;0;0;0;0;0;0;1;0;0;0;0;1;1;1;1;0;0;1;0;0;0;0;1;1;0
Beldeler;1;0;1;0;0;0;0;0;1;0;0;0;0;1;0;0;0;0;0;0;1;1;0;0;0;0;1;0;1;0;1;0;0;0;0;0;0;1;0;1;0;0;0;1;0;1;0;0;0;0;1;0;0;0;1;0;1;1;0;1;0;0;0;0;0;1;0;1;0;1;0;0;0;0;1;0;0;0;0;1;1;0;0;1;0;0;0;0;0;0;0;0;0;1;1;0;0;0;0;0;1;0;0;0;0;0;0;1;1;0;0;0;0;1;0;0;0;0;0;0;1;0;0;1;0;0;0;0;0;0;0;0;1;0;0;0;0;0;0;0;0;0;0;1;0;0;0;0;0;0;0;0;1;1;0;1;0;0;0;0;0;0
Arabaslik;1;0;0;0;0;1;0;1;0;0;0;1;0;0;0;0;0;1;0;0;0;0;0;0;0;1;1;0;0;0;0;0;1;0;0;0;0;0;0;0;1;0;0;0;1;0;0;1;1;0;0;0;0;0;0;0;0;0;0;0;0;0;0;1;0;0;0;0;0;0;0;1;1;0;0;0;1;0;0;0;0;0;0;1;0;1;0;0;0;0;0;0;1;0;0;0;0;0;0;1;1;1;0;0;0;0;1;0;0;0;0;1;0;0;0;0;0;1;0;0;1;1;0;0;0;0;0;0;0;0;0;0;0;0;1;0;0;0;0;0;0;1;0;1;0;0;0;1;0;1;0;0;0;0;0;0;0;0;1;0;0;0
Eskisehir;1;0;0;0;0;1;0;1;0;0;0;1;0;0;0;0;0;1;0;0;0;0;0;0;0;1;1;0;0;0;0;0;1;0;0;0;0;0;0;0;1;0;0;0;1;0;0;1;1;0;0;0;0;0;0;0;0;0;0;0;0;0;0;1;0;0;0;0;0;0;0;1;1;0;0;0;1;0;0;0;0;0;0;1;0;1;0;0;0;0;0;0;1;0;0;0;0;0;0;1;1;1;0;0;0;0;1;0;0;0;0;1;0;0;0;0;0;1;0;0;1;1;0;0;0;0;0;0;0;0;0;0;0;0;1;0;0;0;0;0;0;1;0;1;0;0;1;0;0;1;0;0;0;0;0;0;0;0;1;0;0;0
Geyiksuyu;1;1;0;0;1;0;0;1;0;0;0;0;0;1;0;0;0;0;0;0;0;0;0;0;1;0;0;0;0;0;1;0;0;0;0;0;1;0;1;0;0;0;1;0;0;1;0;0;0;1;0;0;0;1;0;0;0;0;1;0;0;0;1;0;1;0;0;0;1;0;1;0;1;0;0;0;0;1;1;0;0;1;1;0;0;0;0;1;0;1;1;1;0;0;0;1;0;0;0;0;1;0;0;1;0;1;0;0;0;0;1;0;0;0;0;1;0;0;1;1;1;0;1;1;0;1;1;1;1;1;0;0;0;0;0;0;0;0;0;0;0;0;0;1;1;0;0;0;0;1;1;1;0;0;1;0;0;0;0;1;1;0
Cukurca;2;1;0;0;1;1;0;2;0;0;0;1;0;1;0;0;0;1;0;0;0;0;0;0;1;1;1;0;0;0;1;0;1;0;0;0;1;0;1;0;1;0;1;0;1;1;0;1;1;1;0;0;0;1;0;0;0;0;1;0;0;0;1;1;1;0;0;0;1;0;1;1;2;0;0;0;1;1;1;0;0;1;1;1;0;1;0;1;0;1;1;1;1;0;0;1;0;0;0;1;2;1;0;1;0;1;1;0;0;0;1;1;0;0;0;1;0;1;1;1;2;1;1;1;0;1;1;1;1;1;0;0;0;0;1;0;0;0;0;0;0;1;0;2;1;0;1;1;1;0;1;1;0;0;1;0;0;0;1;1;1;0
Dicle;2;1;0;0;1;1;0;1;0;0;0;0;0;2;0;1;1;0;1;0;0;0;0;0;1;0;1;0;0;0;1;0;0;0;0;0;1;0;1;1;0;1;1;0;0;2;0;1;0;1;0;0;0;1;0;0;0;0;2;0;1;0;1;0;1;0;0;0;1;0;1;0;1;0;0;1;0;1;1;0;0;1;1;1;1;0;0;1;1;1;1;1;0;0;0;1;0;0;0;0;2;0;0;1;0;1;0;0;0;0;1;0;0;0;0;1;0;0;1;1;2;1;1;1;1;1;2;1;1;1;1;0;0;1;0;1;0;0;0;0;0;1;1;2;1;0;0;0;1;1;0;1;0;1;1;0;1;0;0;1;1;1
Cayirli;2;1;0;0;1;0;0;1;0;0;0;0;0;2;0;0;0;0;0;1;0;0;0;0;1;0;0;0;0;0;1;0;0;0;0;0;1;0;1;0;0;0;1;0;0;1;0;0;0;1;0;0;0;1;0;0;0;0;1;0;0;0;1;0;1;0;0;0;1;0;1;0;2;0;0;0;0;1;1;0;0;1;1;0;0;0;0;1;0;1;1;1;0;0;0;1;0;0;0;0;1;0;0;1;1;1;0;0;0;0;1;0;1;0;0;1;0;0;1;1;1;0;1;1;0;1;1;1;1;1;0;1;0;0;0;0;0;0;0;0;0;0;0;1;1;0;0;0;1;1;1;0;0;0;1;0;0;0;0;1;1;0
Saricam District;1;0;1;0;0;0;0;0;1;0;0;0;0;1;0;0;0;0;0;0;1;1;0;0;0;0;1;0;1;0;1;0;0;0;0;0;0;1;0;1;0;0;0;1;0;1;0;0;0;0;1;0;0;0;1;0;1;1;0;1;0;0;0;0;0;1;0;1;0;1;0;0;0;0;1;0;0;0;0;1;1;0;0;1;0;0;0;0;0;0;0;0;0;1;1;0;0;0;0;0;1;0;0;0;0;0;0;1;1;0;0;0;0;1;0;0;0;0;0;0;1;0;0;1;0;0;0;0;0;0;0;0;1;0;0;0;0;0;0;0;0;0;0;1;0;1;0;0;0;0;0;0;0;1;0;1;0;0;0;0;0;0
Reyhanli;2;0;1;0;0;1;0;0;1;0;0;0;0;2;0;1;1;0;1;0;1;1;0;0;0;0;2;0;1;0;1;0;0;0;0;0;0;1;0;2;0;1;0;1;0;2;0;1;0;0;1;0;0;0;1;0;1;1;1;1;1;0;0;0;0;1;0;1;0;1;0;0;0;0;1;1;0;0;0;1;1;0;0;2;1;0;0;0;1;0;0;0;0;1;1;0;0;0;0;0;2;0;0;0;0;0;0;1;1;0;0;0;0;1;0;0;0;0;0;0;2;1;0;1;1;0;1;0;0;0;1;0;1;1;0;1;0;0;0;0;0;1;1;2;0;1;0;0;0;0;1;0;1;0;0;1;1;0;0;0;0;1
Siran;1;1;0;0;1;0;0;1;0;0;0;0;0;1;0;0;0;0;0;0;0;0;0;0;1;0;0;0;0;0;1;0;0;0;0;0;1;0;1;0;0;0;1;0;0;1;0;0;0;1;0;0;0;1;0;0;0;0;1;0;0;0;1;0;1;0;0;0;1;0;1;0;1;0;0;0;0;1;1;0;0;1;1;0;0;0;0;1;0;1;1;1;0;0;0;1;0;0;0;0;1;0;0;1;0;1;0;0;0;0;1;0;0;0;0;1;0;0;1;1;1;0;1;1;0;1;1;1;1;1;0;0;0;0;0;0;0;0;0;0;0;0;0;1;1;0;0;0;1;1;1;1;0;0;0;0;0;0;0;1;1;0
Servi;1;0;1;0;0;0;0;0;1;0;0;0;0;1;0;0;0;0;0;0;1;1;0;0;0;0;1;0;1;0;1;0;0;0;0;0;0;1;0;1;0;0;0;1;0;1;0;0;0;0;1;0;0;0;1;0;1;1;0;1;0;0;0;0;0;1;0;1;0;1;0;0;0;0;1;0;0;0;0;1;1;0;0;1;0;0;0;0;0;0;0;0;0;1;1;0;0;0;0;0;1;0;0;0;0;0;0;1;1;0;0;0;0;1;0;0;0;0;0;0;1;0;0;1;0;0;0;0;0;0;0;0;1;0;0;0;0;0;0;0;0;0;0;1;0;1;0;0;0;0;0;0;1;1;0;0;0;0;0;0;0;0
Kemer;1;0;0;0;0;1;0;0;0;0;0;0;0;1;0;1;1;0;1;0;0;0;0;0;0;0;1;0;0;0;0;0;0;0;0;0;0;0;0;1;0;1;0;0;0;1;0;1;0;0;0;0;0;0;0;0;0;0;1;0;1;0;0;0;0;0;0;0;0;0;0;0;0;0;0;1;0;0;0;0;0;0;0;1;1;0;0;0;1;0;0;0;0;0;0;0;0;0;0;0;1;0;0;0;0;0;0;0;0;0;0;0;0;0;0;0;0;0;0;0;1;1;0;0;1;0;1;0;0;0;1;0;0;1;0;1;0;0;0;0;0;1;1;1;0;0;0;0;0;0;1;0;0;1;0;0;0;0;0;0;0;1
Cizre district;2;0;0;0;0;0;0;0;0;1;0;0;0;0;0;0;0;0;0;0;0;0;0;0;0;0;0;0;0;0;0;0;0;0;0;0;0;0;0;0;0;0;0;0;0;0;0;0;0;0;0;0;0;0;0;0;0;0;0;0;0;0;0;0;0;0;0;0;0;0;0;0;0;0;0;0;0;0;0;0;0;0;0;0;0;0;0;0;0;0;0;0;0;0;0;0;1;0;0;0;1;0;0;0;0;0;0;0;0;0;0;0;0;0;0;0;0;0;0;0;0;0;0;0;0;0;1;0;0;0;0;0;0;0;0;0;0;1;0;0;0;0;0;1;0;0;0;0;0;0;0;0;0;0;0;0;0;0;0;0;0;0
Refahiye;1;0;0;0;0;1;0;1;0;0;0;1;0;0;0;0;0;1;0;0;0;0;0;0;0;1;1;0;0;0;0;0;1;0;0;0;0;0;0;0;1;0;0;0;1;0;0;1;1;0;0;0;0;0;0;0;0;0;0;0;0;0;0;1;0;0;0;0;0;0;0;1;1;0;0;0;1;0;0;0;0;0;0;1;0;1;0;0;0;0;0;0;1;0;0;0;0;0;0;1;1;1;0;0;0;0;1;0;0;0;0;1;0;0;0;0;0;1;0;0;1;1;0;0;0;0;0;0;0;0;0;0;0;0;1;0;0;0;0;0;0;1;0;1;0;0;1;1;0;1;0;0;0;0;0;0;0;0;0;0;0;0
Catak;2;1;0;0;1;0;1;1;0;0;0;0;1;2;1;0;0;0;0;0;0;0;1;0;2;0;1;0;0;1;1;1;0;1;1;0;1;0;2;1;0;0;1;0;0;2;0;0;0;1;0;1;0;1;0;1;0;0;1;0;0;1;1;0;1;0;1;0;1;0;1;0;1;0;0;0;0;1;1;0;0;1;1;0;0;1;0;1;0;1;1;1;0;0;0;1;0;0;0;0;2;0;0;1;0;1;0;0;0;1;1;0;0;0;0;1;0;0;1;1;2;1;1;1;0;1;2;1;1;1;0;0;0;0;0;0;0;1;0;1;0;0;0;2;1;0;0;0;1;1;1;1;0;0;1;0;0;0;0;0;2;1
Tunceli;2;1;0;0;1;0;1;1;0;0;0;0;1;2;1;0;0;0;0;0;0;0;1;0;2;0;1;0;0;1;1;1;0;1;1;0;1;0;2;1;0;0;1;0;0;2;0;0;0;1;0;1;0;1;0;1;0;0;1;0;0;1;1;0;1;0;1;0;1;0;1;0;1;0;0;0;0;1;1;0;0;1;1;0;0;1;0;1;0;1;1;1;0;0;0;1;0;0;0;0;2;0;0;1;0;1;0;0;0;1;1;0;0;0;0;1;0;0;1;1;2;1;1;1;0;1;2;1;1;1;0;0;0;0;0;0;0;1;0;1;0;0;0;2;1;0;0;0;1;1;1;1;0;0;1;0;0;0;0;2;0;1
Daglica;2;0;0;0;0;1;1;0;0;0;0;0;1;2;1;1;1;0;1;0;0;0;1;0;1;0;2;0;0;1;0;1;0;1;1;0;0;0;1;2;0;1;0;0;0;2;0;1;0;0;0;1;0;0;0;1;0;0;1;0;1;1;0;0;0;0;1;0;0;0;0;0;0;0;0;1;0;0;0;0;0;0;0;1;1;1;0;0;1;0;0;0;0;0;0;0;0;0;0;0;2;0;0;0;0;0;0;0;0;1;0;0;0;0;0;0;0;0;0;0;2;2;0;0;1;0;2;0;0;0;1;0;0;1;0;1;0;1;0;1;0;1;1;2;0;0;0;0;0;0;1;0;0;1;0;0;1;0;0;1;1;0
